idna_subject,checker_type,destination,source,tested_at,session_id
plus,AVAILABILITY,origin.list,origin.list,2022-04-01 05:22:55.873321,d65df380d7dce8ad1a560237
||ttgambar.xyz$popup,AVAILABILITY,origin.list,origin.list,2022-04-01 05:23:19.597569,d65df380d7dce8ad1a560237
"/^https?:\/\/.*\.(jpg|gif|png|php|svg|ico|js|txt)/$popup,domain=bacakomik.co|komikcastid.com|komikstation.co|mangakita.net",AVAILABILITY,origin.list,origin.list,2022-04-01 05:23:20.569522,d65df380d7dce8ad1a560237
"||gerwen.info^$popup,domain=ganool.is|ganool.ph",AVAILABILITY,origin.list,origin.list,2022-04-01 05:23:21.464937,d65df380d7dce8ad1a560237
"aktual.id,datasekolah.co.id,eramuslim.com,mangalist.org,maulandaru.com",AVAILABILITY,origin.list,origin.list,2022-04-01 05:23:25.752037,d65df380d7dce8ad1a560237
"@@||bloggerku.com/safelink/2.0/script.js?$script,domain=animanganews.com|maulandaru.com|njiir.com|razorlink.us|teknorizen.blogspot.com",AVAILABILITY,origin.list,origin.list,2022-04-01 05:23:26.351243,d65df380d7dce8ad1a560237
aplikasipc.com,AVAILABILITY,origin.list,origin.list,2022-04-01 05:23:31.129795,d65df380d7dce8ad1a560237
"layarlebar21.org,layarlebarxxi.com",AVAILABILITY,origin.list,origin.list,2022-04-01 05:23:31.718445,d65df380d7dce8ad1a560237
"animanganews.com,short.awsubs.co",AVAILABILITY,origin.list,origin.list,2022-04-01 05:23:32.832806,d65df380d7dce8ad1a560237
layarlebarxxi.com,AVAILABILITY,origin.list,origin.list,2022-04-01 05:23:33.110698,d65df380d7dce8ad1a560237
"digikala.com,sporcle.com",AVAILABILITY,origin.list,origin.list,2022-04-01 05:23:33.609584,d65df380d7dce8ad1a560237
woof.tube,AVAILABILITY,origin.list,origin.list,2022-04-01 05:23:35.553773,d65df380d7dce8ad1a560237
filmdewasaku.org,AVAILABILITY,origin.list,origin.list,2022-04-01 05:23:35.571975,d65df380d7dce8ad1a560237
giladrakor.com,AVAILABILITY,origin.list,origin.list,2022-04-01 05:23:41.370826,d65df380d7dce8ad1a560237
oomph.co.id,AVAILABILITY,origin.list,origin.list,2022-04-01 05:23:42.148183,d65df380d7dce8ad1a560237
qqcinema21.com,AVAILABILITY,origin.list,origin.list,2022-04-01 05:23:45.146869,d65df380d7dce8ad1a560237
totolink.id,AVAILABILITY,origin.list,origin.list,2022-04-01 05:23:46.353442,d65df380d7dce8ad1a560237
wowkeren.com,AVAILABILITY,origin.list,origin.list,2022-04-01 05:23:49.592109,d65df380d7dce8ad1a560237
indogamers.com,AVAILABILITY,origin.list,origin.list,2022-04-01 05:23:50.723641,d65df380d7dce8ad1a560237
lihat.co.id,AVAILABILITY,origin.list,origin.list,2022-04-01 05:23:52.311704,d65df380d7dce8ad1a560237
chip.co.id,AVAILABILITY,origin.list,origin.list,2022-04-01 05:23:54.618292,d65df380d7dce8ad1a560237
utusan.com.my,AVAILABILITY,origin.list,origin.list,2022-04-01 05:23:57.449912,d65df380d7dce8ad1a560237
motorplus-online.com,AVAILABILITY,origin.list,origin.list,2022-04-01 05:23:58.902409,d65df380d7dce8ad1a560237
mangacanblog.com,AVAILABILITY,origin.list,origin.list,2022-04-01 05:24:00.371496,d65df380d7dce8ad1a560237
detik.com,AVAILABILITY,origin.list,origin.list,2022-04-01 05:24:01.459465,d65df380d7dce8ad1a560237
139.99.33.192,AVAILABILITY,origin.list,origin.list,2022-04-01 05:24:02.246539,d65df380d7dce8ad1a560237
dapurpacu.com,AVAILABILITY,origin.list,origin.list,2022-04-01 05:24:05.337747,d65df380d7dce8ad1a560237
premierexxi.com,AVAILABILITY,origin.list,origin.list,2022-04-01 05:24:10.617777,d65df380d7dce8ad1a560237
tvkabel.net,AVAILABILITY,origin.list,origin.list,2022-04-01 05:24:11.885353,d65df380d7dce8ad1a560237
kontan.co.id,AVAILABILITY,origin.list,origin.list,2022-04-01 05:24:14.274857,d65df380d7dce8ad1a560237
unixmen.com,AVAILABILITY,origin.list,origin.list,2022-04-01 05:24:14.832842,d65df380d7dce8ad1a560237
zonabola.com,AVAILABILITY,origin.list,origin.list,2022-04-01 05:24:17.881836,d65df380d7dce8ad1a560237
indotelko.com,AVAILABILITY,origin.list,origin.list,2022-04-01 05:24:25.000506,d65df380d7dce8ad1a560237
tempointeraktif.com,AVAILABILITY,origin.list,origin.list,2022-04-01 05:24:25.552232,d65df380d7dce8ad1a560237
downloadfilmbaru.com,AVAILABILITY,origin.list,origin.list,2022-04-01 05:24:28.559680,d65df380d7dce8ad1a560237
duniaku.net,AVAILABILITY,origin.list,origin.list,2022-04-01 05:24:28.817977,d65df380d7dce8ad1a560237
panduanpercuma.info,AVAILABILITY,origin.list,origin.list,2022-04-01 05:24:33.506588,d65df380d7dce8ad1a560237
filmbagus88.net,AVAILABILITY,origin.list,origin.list,2022-04-01 05:24:33.762728,d65df380d7dce8ad1a560237
hdtvku.com,AVAILABILITY,origin.list,origin.list,2022-04-01 05:24:35.805880,d65df380d7dce8ad1a560237
tribunnews.com,AVAILABILITY,origin.list,origin.list,2022-04-01 05:24:38.652767,d65df380d7dce8ad1a560237
bioskop78.com,AVAILABILITY,origin.list,origin.list,2022-04-01 05:24:45.715665,d65df380d7dce8ad1a560237
kertashitam.com,AVAILABILITY,origin.list,origin.list,2022-04-01 05:24:49.674645,d65df380d7dce8ad1a560237
kotakgame.com,AVAILABILITY,origin.list,origin.list,2022-04-01 05:24:51.887145,d65df380d7dce8ad1a560237
log.viva.co.id,AVAILABILITY,origin.list,origin.list,2022-04-01 05:24:55.532556,d65df380d7dce8ad1a560237
pikiran-rakyat.com,AVAILABILITY,origin.list,origin.list,2022-04-01 05:24:59.642578,d65df380d7dce8ad1a560237
indostreamings.xyz,AVAILABILITY,origin.list,origin.list,2022-04-01 05:25:00.153662,d65df380d7dce8ad1a560237
kompas.com,AVAILABILITY,origin.list,origin.list,2022-04-01 05:25:05.557688,d65df380d7dce8ad1a560237
blog.tribunjualbeli.com,AVAILABILITY,origin.list,origin.list,2022-04-01 05:25:06.931433,d65df380d7dce8ad1a560237
90animax.com,AVAILABILITY,origin.list,origin.list,2022-04-01 05:25:08.394921,d65df380d7dce8ad1a560237
makassar.tribunnews.com,AVAILABILITY,origin.list,origin.list,2022-04-01 05:25:08.398757,d65df380d7dce8ad1a560237
indoxx1.club,AVAILABILITY,origin.list,origin.list,2022-04-01 05:25:10.557074,d65df380d7dce8ad1a560237
negumo.com,AVAILABILITY,origin.list,origin.list,2022-04-01 05:25:17.592611,d65df380d7dce8ad1a560237
nf21.club,AVAILABILITY,origin.list,origin.list,2022-04-01 05:25:18.475491,d65df380d7dce8ad1a560237
nontonserial.com,AVAILABILITY,origin.list,origin.list,2022-04-01 05:25:18.729092,d65df380d7dce8ad1a560237
indoxx1.pw,AVAILABILITY,origin.list,origin.list,2022-04-01 05:25:21.352856,d65df380d7dce8ad1a560237
indoxxi.pictures,AVAILABILITY,origin.list,origin.list,2022-04-01 05:25:29.442699,d65df380d7dce8ad1a560237
teknoup.com,AVAILABILITY,origin.list,origin.list,2022-04-01 05:25:30.046688,d65df380d7dce8ad1a560237
drakorindofilms.net,AVAILABILITY,origin.list,origin.list,2022-04-01 05:25:33.803562,d65df380d7dce8ad1a560237
pusatdata.kontan.co.id,AVAILABILITY,origin.list,origin.list,2022-04-01 05:25:38.348254,d65df380d7dce8ad1a560237
dunia21.me,AVAILABILITY,origin.list,origin.list,2022-04-01 05:25:40.220563,d65df380d7dce8ad1a560237
remo-xp.com,AVAILABILITY,origin.list,origin.list,2022-04-01 05:25:40.235953,d65df380d7dce8ad1a560237
lk21.host,AVAILABILITY,origin.list,origin.list,2022-04-01 05:25:48.074973,d65df380d7dce8ad1a560237
komiku.net,AVAILABILITY,origin.list,origin.list,2022-04-01 05:25:48.815313,d65df380d7dce8ad1a560237
nontonsini.com,AVAILABILITY,origin.list,origin.list,2022-04-01 05:25:49.864243,d65df380d7dce8ad1a560237
komikstation.com,AVAILABILITY,origin.list,origin.list,2022-04-01 05:25:49.984947,d65df380d7dce8ad1a560237
ganool.web.id,AVAILABILITY,origin.list,origin.list,2022-04-01 05:25:56.854344,d65df380d7dce8ad1a560237
idxxx1.com,AVAILABILITY,origin.list,origin.list,2022-04-01 05:25:58.029548,d65df380d7dce8ad1a560237
sinemaindo.web.id,AVAILABILITY,origin.list,origin.list,2022-04-01 05:25:58.088955,d65df380d7dce8ad1a560237
blogspot.com,AVAILABILITY,origin.list,origin.list,2022-04-01 05:25:59.800379,d65df380d7dce8ad1a560237
lk21c.fun,AVAILABILITY,origin.list,origin.list,2022-04-01 05:26:05.698050,d65df380d7dce8ad1a560237
gadgetren.com,AVAILABILITY,origin.list,origin.list,2022-04-01 05:26:06.734603,d65df380d7dce8ad1a560237
mangaku.site,AVAILABILITY,origin.list,origin.list,2022-04-01 05:26:08.154039,d65df380d7dce8ad1a560237
indosiar.com,AVAILABILITY,origin.list,origin.list,2022-04-01 05:26:11.813235,d65df380d7dce8ad1a560237
topfilmz.com,AVAILABILITY,origin.list,origin.list,2022-04-01 05:26:16.943566,d65df380d7dce8ad1a560237
185.231.223.76,AVAILABILITY,origin.list,origin.list,2022-04-01 05:26:16.454762,d65df380d7dce8ad1a560237
indoxxi.top,AVAILABILITY,origin.list,origin.list,2022-04-01 05:26:17.352647,d65df380d7dce8ad1a560237
lensaindonesia.com,AVAILABILITY,origin.list,origin.list,2022-04-01 05:26:20.462134,d65df380d7dce8ad1a560237
resep.web.id,AVAILABILITY,origin.list,origin.list,2022-04-01 05:26:23.140912,d65df380d7dce8ad1a560237
lk21.web.id,AVAILABILITY,origin.list,origin.list,2022-04-01 05:26:24.619587,d65df380d7dce8ad1a560237
5.182.209.205,AVAILABILITY,origin.list,origin.list,2022-04-01 05:26:29.118259,d65df380d7dce8ad1a560237
anoboy.digital,AVAILABILITY,origin.list,origin.list,2022-04-01 05:26:31.181282,d65df380d7dce8ad1a560237
pkspiyungan.org,AVAILABILITY,origin.list,origin.list,2022-04-01 05:26:32.222613,d65df380d7dce8ad1a560237
harakahdaily.net,AVAILABILITY,origin.list,origin.list,2022-04-01 05:26:32.588935,d65df380d7dce8ad1a560237
mangafap.com,AVAILABILITY,origin.list,origin.list,2022-04-01 05:26:34.844943,d65df380d7dce8ad1a560237
kabar2.com,AVAILABILITY,origin.list,origin.list,2022-04-01 05:26:42.348756,d65df380d7dce8ad1a560237
sindonews.com,AVAILABILITY,origin.list,origin.list,2022-04-01 05:26:42.879597,d65df380d7dce8ad1a560237
komikbaru.com,AVAILABILITY,origin.list,origin.list,2022-04-01 05:26:43.185737,d65df380d7dce8ad1a560237
kabargames.id,AVAILABILITY,origin.list,origin.list,2022-04-01 05:26:44.348325,d65df380d7dce8ad1a560237
fastdrama.co,AVAILABILITY,origin.list,origin.list,2022-04-01 05:26:44.595080,d65df380d7dce8ad1a560237
nobartv.com,AVAILABILITY,origin.list,origin.list,2022-04-01 05:26:50.613961,d65df380d7dce8ad1a560237
mangashiro.net,AVAILABILITY,origin.list,origin.list,2022-04-01 05:26:50.643583,d65df380d7dce8ad1a560237
viva.co.id,AVAILABILITY,origin.list,origin.list,2022-04-01 05:26:51.210440,d65df380d7dce8ad1a560237
eramuslim.com,AVAILABILITY,origin.list,origin.list,2022-04-01 05:26:51.789623,d65df380d7dce8ad1a560237
oploverz.bz,AVAILABILITY,origin.list,origin.list,2022-04-01 05:26:52.527083,d65df380d7dce8ad1a560237
193.178.172.113,AVAILABILITY,origin.list,origin.list,2022-04-01 05:26:54.460408,d65df380d7dce8ad1a560237
idxx1.top,AVAILABILITY,origin.list,origin.list,2022-04-01 05:26:57.476478,d65df380d7dce8ad1a560237
fb21.tv,AVAILABILITY,origin.list,origin.list,2022-04-01 05:27:00.287080,d65df380d7dce8ad1a560237
amoimovie.com,AVAILABILITY,origin.list,origin.list,2022-04-01 05:27:00.330907,d65df380d7dce8ad1a560237
layarxxi.online,AVAILABILITY,origin.list,origin.list,2022-04-01 05:27:04.079873,d65df380d7dce8ad1a560237
lk21tv.com,AVAILABILITY,origin.list,origin.list,2022-04-01 05:27:04.505728,d65df380d7dce8ad1a560237
drakorindo.fun,AVAILABILITY,origin.list,origin.list,2022-04-01 05:27:05.715475,d65df380d7dce8ad1a560237
animeindo.net,AVAILABILITY,origin.list,origin.list,2022-04-01 05:27:07.024887,d65df380d7dce8ad1a560237
cinemaqq.com,AVAILABILITY,origin.list,origin.list,2022-04-01 05:27:08.828997,d65df380d7dce8ad1a560237
nontonfilm88.com,AVAILABILITY,origin.list,origin.list,2022-04-01 05:27:12.229059,d65df380d7dce8ad1a560237
cinemaindo.tv,AVAILABILITY,origin.list,origin.list,2022-04-01 05:27:14.987996,d65df380d7dce8ad1a560237
hotabis.com,AVAILABILITY,origin.list,origin.list,2022-04-01 05:27:23.023560,d65df380d7dce8ad1a560237
kapanlagi.com,AVAILABILITY,origin.list,origin.list,2022-04-01 05:27:23.220730,d65df380d7dce8ad1a560237
torjack.net,AVAILABILITY,origin.list,origin.list,2022-04-01 05:27:30.477558,d65df380d7dce8ad1a560237
nontonfilm77.com,AVAILABILITY,origin.list,origin.list,2022-04-01 05:27:31.621393,d65df380d7dce8ad1a560237
bioskop55.club,AVAILABILITY,origin.list,origin.list,2022-04-01 05:27:31.804375,d65df380d7dce8ad1a560237
comotin.com,AVAILABILITY,origin.list,origin.list,2022-04-01 05:27:31.823691,d65df380d7dce8ad1a560237
sundul.com,AVAILABILITY,origin.list,origin.list,2022-04-01 05:27:38.517085,d65df380d7dce8ad1a560237
wartaekonomi.co.id,AVAILABILITY,origin.list,origin.list,2022-04-01 05:27:41.255634,d65df380d7dce8ad1a560237
m.kapanlagi.com,AVAILABILITY,origin.list,origin.list,2022-04-01 05:27:41.390628,d65df380d7dce8ad1a560237
indoxximovie.com,AVAILABILITY,origin.list,origin.list,2022-04-01 05:27:41.626017,d65df380d7dce8ad1a560237
loveindonesia.com,AVAILABILITY,origin.list,origin.list,2022-04-01 05:27:44.414752,d65df380d7dce8ad1a560237
terkini.id,AVAILABILITY,origin.list,origin.list,2022-04-01 05:27:44.737075,d65df380d7dce8ad1a560237
suara.com,AVAILABILITY,origin.list,origin.list,2022-04-01 05:27:47.887452,d65df380d7dce8ad1a560237
bharian.com.my,AVAILABILITY,origin.list,origin.list,2022-04-01 05:27:50.327751,d65df380d7dce8ad1a560237
"192.99.70.18,22cinema.com,95.216.163.177,dapurpacu.com,dewanontons.com,download-lagu-mp3.com,dunia21.ltd,duniafilm21.com,embed.dramacool.es,embed.dramanices.com,k-vid.net,kompas.com,neumanga.tv,otakuindo.net,smallencode.com,topgans.blogspot.com",AVAILABILITY,origin.list,origin.list,2022-04-01 05:27:53.379172,d65df380d7dce8ad1a560237
file.rocks,AVAILABILITY,origin.list,origin.list,2022-04-01 05:27:57.517620,d65df380d7dce8ad1a560237
republika.co.id,AVAILABILITY,origin.list,origin.list,2022-04-01 05:27:58.954004,d65df380d7dce8ad1a560237
kompas.tv,AVAILABILITY,origin.list,origin.list,2022-04-01 05:28:01.228156,d65df380d7dce8ad1a560237
awnime.net,AVAILABILITY,origin.list,origin.list,2022-04-01 05:28:04.733451,d65df380d7dce8ad1a560237
gridoto.com,AVAILABILITY,origin.list,origin.list,2022-04-01 05:28:06.408228,d65df380d7dce8ad1a560237
grid.id,AVAILABILITY,origin.list,origin.list,2022-04-01 05:28:06.771103,d65df380d7dce8ad1a560237
tek.id,AVAILABILITY,origin.list,origin.list,2022-04-01 05:28:12.101601,d65df380d7dce8ad1a560237
bisnis.com,AVAILABILITY,origin.list,origin.list,2022-04-01 05:28:13.517193,d65df380d7dce8ad1a560237
terasjakarta.id,AVAILABILITY,origin.list,origin.list,2022-04-01 05:28:13.965237,d65df380d7dce8ad1a560237
www.inibaru.id,AVAILABILITY,origin.list,origin.list,2022-04-01 05:28:16.035391,d65df380d7dce8ad1a560237
pontianakpost.co.id,AVAILABILITY,origin.list,origin.list,2022-04-01 05:28:22.505011,d65df380d7dce8ad1a560237
kshowid.com,AVAILABILITY,origin.list,origin.list,2022-04-01 05:28:22.510201,d65df380d7dce8ad1a560237
inews.id,AVAILABILITY,origin.list,origin.list,2022-04-01 05:28:22.777145,d65df380d7dce8ad1a560237
gamebrott.com,AVAILABILITY,origin.list,origin.list,2022-04-01 05:28:23.347756,d65df380d7dce8ad1a560237
ganol.si,AVAILABILITY,origin.list,origin.list,2022-04-01 05:28:24.717999,d65df380d7dce8ad1a560237
indoxtream.com,AVAILABILITY,origin.list,origin.list,2022-04-01 05:28:29.226656,d65df380d7dce8ad1a560237
palingseru.com,AVAILABILITY,origin.list,origin.list,2022-04-01 05:28:30.374721,d65df380d7dce8ad1a560237
autonetmagz.com,AVAILABILITY,origin.list,origin.list,2022-04-01 05:28:31.857369,d65df380d7dce8ad1a560237
kurazone.net,AVAILABILITY,origin.list,origin.list,2022-04-01 05:28:32.241773,d65df380d7dce8ad1a560237
22cinema.com,AVAILABILITY,origin.list,origin.list,2022-04-01 05:28:38.493703,d65df380d7dce8ad1a560237
164.68.127.15,AVAILABILITY,origin.list,origin.list,2022-04-01 05:28:38.943031,d65df380d7dce8ad1a560237
www.kompasiana.com,AVAILABILITY,origin.list,origin.list,2022-04-01 05:28:40.621462,d65df380d7dce8ad1a560237
myasiantv.se,AVAILABILITY,origin.list,origin.list,2022-04-01 05:28:46.361128,d65df380d7dce8ad1a560237
kompasiana.com,AVAILABILITY,origin.list,origin.list,2022-04-01 05:28:49.129169,d65df380d7dce8ad1a560237
dewanonton.vip,AVAILABILITY,origin.list,origin.list,2022-04-01 05:28:50.879898,d65df380d7dce8ad1a560237
dewabioskop21.org,AVAILABILITY,origin.list,origin.list,2022-04-01 05:28:51.642804,d65df380d7dce8ad1a560237
dream.co.id,AVAILABILITY,origin.list,origin.list,2022-04-01 05:28:54.474443,d65df380d7dce8ad1a560237
oktavita.com,AVAILABILITY,origin.list,origin.list,2022-04-01 05:28:58.498344,d65df380d7dce8ad1a560237
juragan-anime.net,AVAILABILITY,origin.list,origin.list,2022-04-01 05:28:59.686696,d65df380d7dce8ad1a560237
lapar.com,AVAILABILITY,origin.list,origin.list,2022-04-01 05:29:03.589997,d65df380d7dce8ad1a560237
modifikasi.com,AVAILABILITY,origin.list,origin.list,2022-04-01 05:29:07.294064,d65df380d7dce8ad1a560237
tekno.kompas.com,AVAILABILITY,origin.list,origin.list,2022-04-01 05:29:07.420984,d65df380d7dce8ad1a560237
waralabakan.com,AVAILABILITY,origin.list,origin.list,2022-04-01 05:29:11.122196,d65df380d7dce8ad1a560237
elde.tv,AVAILABILITY,origin.list,origin.list,2022-04-01 05:29:12.472127,d65df380d7dce8ad1a560237
nontonme.com,AVAILABILITY,origin.list,origin.list,2022-04-01 05:29:14.895730,d65df380d7dce8ad1a560237
budiarto.id,AVAILABILITY,origin.list,origin.list,2022-04-01 05:29:17.298274,d65df380d7dce8ad1a560237
inet.detik.com,AVAILABILITY,origin.list,origin.list,2022-04-01 05:29:18.119707,d65df380d7dce8ad1a560237
ceklink.co,AVAILABILITY,origin.list,origin.list,2022-04-01 05:29:19.144969,d65df380d7dce8ad1a560237
gudangpemain.com,AVAILABILITY,origin.list,origin.list,2022-04-01 05:29:21.216102,d65df380d7dce8ad1a560237
kazefuri.net,AVAILABILITY,origin.list,origin.list,2022-04-01 05:29:24.661981,d65df380d7dce8ad1a560237
beritagar.id,AVAILABILITY,origin.list,origin.list,2022-04-01 05:29:25.204400,d65df380d7dce8ad1a560237
bioskop99.me,AVAILABILITY,origin.list,origin.list,2022-04-01 05:29:27.068533,d65df380d7dce8ad1a560237
gopego.com,AVAILABILITY,origin.list,origin.list,2022-04-01 05:29:35.084383,d65df380d7dce8ad1a560237
uzone.id,AVAILABILITY,origin.list,origin.list,2022-04-01 05:29:36.442835,d65df380d7dce8ad1a560237
liputan6.com,AVAILABILITY,origin.list,origin.list,2022-04-01 05:29:38.276452,d65df380d7dce8ad1a560237
kabar24.com,AVAILABILITY,origin.list,origin.list,2022-04-01 05:29:39.362058,d65df380d7dce8ad1a560237
otakuindo.org,AVAILABILITY,origin.list,origin.list,2022-04-01 05:29:44.639065,d65df380d7dce8ad1a560237
eka.web.id,AVAILABILITY,origin.list,origin.list,2022-04-01 05:29:45.060189,d65df380d7dce8ad1a560237
inilah.com,AVAILABILITY,origin.list,origin.list,2022-04-01 05:29:46.132114,d65df380d7dce8ad1a560237
animekompi.web.id,AVAILABILITY,origin.list,origin.list,2022-04-01 05:29:47.481845,d65df380d7dce8ad1a560237
dramaqu.net,AVAILABILITY,origin.list,origin.list,2022-04-01 05:29:53.948760,d65df380d7dce8ad1a560237
okezone.com,AVAILABILITY,origin.list,origin.list,2022-04-01 05:29:54.848657,d65df380d7dce8ad1a560237
mforum.cari.com.my,AVAILABILITY,origin.list,origin.list,2022-04-01 05:29:55.969273,d65df380d7dce8ad1a560237
filmku.net,AVAILABILITY,origin.list,origin.list,2022-04-01 05:29:58.570353,d65df380d7dce8ad1a560237
windowsreport.com,AVAILABILITY,origin.list,origin.list,2022-04-01 05:30:02.689575,d65df380d7dce8ad1a560237
inidramaku.net,AVAILABILITY,origin.list,origin.list,2022-04-01 05:30:05.870724,d65df380d7dce8ad1a560237
tempo.co,AVAILABILITY,origin.list,origin.list,2022-04-01 05:30:07.560179,d65df380d7dce8ad1a560237
nontonplus.com,AVAILABILITY,origin.list,origin.list,2022-04-01 05:30:15.979058,d65df380d7dce8ad1a560237
dewanontons.com,AVAILABILITY,origin.list,origin.list,2022-04-01 05:30:17.693834,d65df380d7dce8ad1a560237
readwebtoons.com,AVAILABILITY,origin.list,origin.list,2022-04-01 05:30:17.831471,d65df380d7dce8ad1a560237
winpoin.com,AVAILABILITY,origin.list,origin.list,2022-04-01 05:30:17.989668,d65df380d7dce8ad1a560237
indoxxi.net,AVAILABILITY,origin.list,origin.list,2022-04-01 05:30:19.457863,d65df380d7dce8ad1a560237
bioskop90.com,AVAILABILITY,origin.list,origin.list,2022-04-01 05:30:27.681729,d65df380d7dce8ad1a560237
malaysiakini.com,AVAILABILITY,origin.list,origin.list,2022-04-01 05:30:27.865025,d65df380d7dce8ad1a560237
kaskus.co.id,AVAILABILITY,origin.list,origin.list,2022-04-01 05:30:28.582064,d65df380d7dce8ad1a560237
manganime.id,AVAILABILITY,origin.list,origin.list,2022-04-01 05:30:29.347417,d65df380d7dce8ad1a560237
bioskop21.co,AVAILABILITY,origin.list,origin.list,2022-04-01 05:30:37.983755,d65df380d7dce8ad1a560237
layarlebar21.id,AVAILABILITY,origin.list,origin.list,2022-04-01 05:30:38.214795,d65df380d7dce8ad1a560237
cmovieshd.se,AVAILABILITY,origin.list,origin.list,2022-04-01 05:30:38.352323,d65df380d7dce8ad1a560237
filmace21.net,AVAILABILITY,origin.list,origin.list,2022-04-01 05:30:38.372678,d65df380d7dce8ad1a560237
suki48.web.id,AVAILABILITY,origin.list,origin.list,2022-04-01 05:30:40.860435,d65df380d7dce8ad1a560237
alona.co.id,AVAILABILITY,origin.list,origin.list,2022-04-01 05:30:49.595354,d65df380d7dce8ad1a560237
mangaceng.com,AVAILABILITY,origin.list,origin.list,2022-04-01 05:30:52.630112,d65df380d7dce8ad1a560237
awsubs.co,AVAILABILITY,origin.list,origin.list,2022-04-01 05:30:53.428762,d65df380d7dce8ad1a560237
faktabali.com,AVAILABILITY,origin.list,origin.list,2022-04-01 05:30:59.179114,d65df380d7dce8ad1a560237
ld2tv.com,AVAILABILITY,origin.list,origin.list,2022-04-01 05:31:05.095340,d65df380d7dce8ad1a560237
indonesiamovies21.com,AVAILABILITY,origin.list,origin.list,2022-04-01 05:31:05.335565,d65df380d7dce8ad1a560237
anime17.net,AVAILABILITY,origin.list,origin.list,2022-04-01 05:31:05.484652,d65df380d7dce8ad1a560237
dwanonton.com,AVAILABILITY,origin.list,origin.list,2022-04-01 05:31:09.324251,d65df380d7dce8ad1a560237
belapendidikan.com,AVAILABILITY,origin.list,origin.list,2022-04-01 05:31:13.383414,d65df380d7dce8ad1a560237
b201.info,AVAILABILITY,origin.list,origin.list,2022-04-01 05:31:14.375523,d65df380d7dce8ad1a560237
kumpulmanga.org,AVAILABILITY,origin.list,origin.list,2022-04-01 05:31:14.808653,d65df380d7dce8ad1a560237
smartphoneku.com,AVAILABILITY,origin.list,origin.list,2022-04-01 05:31:16.829340,d65df380d7dce8ad1a560237
astroawani.com,AVAILABILITY,origin.list,origin.list,2022-04-01 05:31:19.062362,d65df380d7dce8ad1a560237
nobarfilm21.net,AVAILABILITY,origin.list,origin.list,2022-04-01 05:31:25.732041,d65df380d7dce8ad1a560237
nextren.grid.id,AVAILABILITY,origin.list,origin.list,2022-04-01 05:31:25.975932,d65df380d7dce8ad1a560237
dutaislam.com,AVAILABILITY,origin.list,origin.list,2022-04-01 05:31:29.656229,d65df380d7dce8ad1a560237
hdfree.se,AVAILABILITY,origin.list,origin.list,2022-04-01 05:31:36.698086,d65df380d7dce8ad1a560237
medcom.id,AVAILABILITY,origin.list,origin.list,2022-04-01 05:31:39.267178,d65df380d7dce8ad1a560237
animeindo.id,AVAILABILITY,origin.list,origin.list,2022-04-01 05:31:44.698621,d65df380d7dce8ad1a560237
film-ganool.com,AVAILABILITY,origin.list,origin.list,2022-04-01 05:31:46.411654,d65df380d7dce8ad1a560237
otomania.com,AVAILABILITY,origin.list,origin.list,2022-04-01 05:31:47.213850,d65df380d7dce8ad1a560237
senimovie.info,AVAILABILITY,origin.list,origin.list,2022-04-01 05:31:52.237794,d65df380d7dce8ad1a560237
filem456.com,AVAILABILITY,origin.list,origin.list,2022-04-01 05:31:53.488823,d65df380d7dce8ad1a560237
semprot.com,AVAILABILITY,origin.list,origin.list,2022-04-01 05:31:57.502559,d65df380d7dce8ad1a560237
kazemanga.xyz,AVAILABILITY,origin.list,origin.list,2022-04-01 05:31:58.568326,d65df380d7dce8ad1a560237
cinemaindo.com,AVAILABILITY,origin.list,origin.list,2022-04-01 05:32:05.131340,d65df380d7dce8ad1a560237
batch.id,AVAILABILITY,origin.list,origin.list,2022-04-01 05:32:08.415234,d65df380d7dce8ad1a560237
nontonganool.net,AVAILABILITY,origin.list,origin.list,2022-04-01 05:32:11.433752,d65df380d7dce8ad1a560237
ninemanga.com,AVAILABILITY,origin.list,origin.list,2022-04-01 05:32:12.550427,d65df380d7dce8ad1a560237
tirto.id,AVAILABILITY,origin.list,origin.list,2022-04-01 05:32:17.427084,d65df380d7dce8ad1a560237
hipwee.com,AVAILABILITY,origin.list,origin.list,2022-04-01 05:32:21.236056,d65df380d7dce8ad1a560237
mydramalist.com,AVAILABILITY,origin.list,origin.list,2022-04-01 05:32:22.466035,d65df380d7dce8ad1a560237
idpelago.com,AVAILABILITY,origin.list,origin.list,2022-04-01 05:32:31.156941,d65df380d7dce8ad1a560237
film21terbaru.org,AVAILABILITY,origin.list,origin.list,2022-04-01 05:32:34.831990,d65df380d7dce8ad1a560237
internetpositif.uzone.id,AVAILABILITY,origin.list,origin.list,2022-04-01 05:32:36.626365,d65df380d7dce8ad1a560237
klikseru.com,AVAILABILITY,origin.list,origin.list,2022-04-01 05:32:38.794998,d65df380d7dce8ad1a560237
goblintv.xyz,AVAILABILITY,origin.list,origin.list,2022-04-01 05:32:42.204544,d65df380d7dce8ad1a560237
otomotif.kompas.com,AVAILABILITY,origin.list,origin.list,2022-04-01 05:32:45.003029,d65df380d7dce8ad1a560237
xx1.me,AVAILABILITY,origin.list,origin.list,2022-04-01 05:32:46.460353,d65df380d7dce8ad1a560237
hightech.web.id,AVAILABILITY,origin.list,origin.list,2022-04-01 05:32:47.375905,d65df380d7dce8ad1a560237
cdramabase.com,AVAILABILITY,origin.list,origin.list,2022-04-01 05:32:51.467974,d65df380d7dce8ad1a560237
nontonlk21.live,AVAILABILITY,origin.list,origin.list,2022-04-01 05:32:54.731581,d65df380d7dce8ad1a560237
dwa21.org,AVAILABILITY,origin.list,origin.list,2022-04-01 05:32:56.329633,d65df380d7dce8ad1a560237
oploverz.fan,AVAILABILITY,origin.list,origin.list,2022-04-01 05:33:04.748300,d65df380d7dce8ad1a560237
neonime.net,AVAILABILITY,origin.list,origin.list,2022-04-01 05:33:05.252387,d65df380d7dce8ad1a560237
kurina.vip,AVAILABILITY,origin.list,origin.list,2022-04-01 05:33:06.455602,d65df380d7dce8ad1a560237
jalantikus.com,AVAILABILITY,origin.list,origin.list,2022-04-01 05:33:08.048634,d65df380d7dce8ad1a560237
omberbagi.com,AVAILABILITY,origin.list,origin.list,2022-04-01 05:33:08.223974,d65df380d7dce8ad1a560237
nontoncinema.org,AVAILABILITY,origin.list,origin.list,2022-04-01 05:33:15.345398,d65df380d7dce8ad1a560237
idfl.me,AVAILABILITY,origin.list,origin.list,2022-04-01 05:33:15.862674,d65df380d7dce8ad1a560237
idfl.top,AVAILABILITY,origin.list,origin.list,2022-04-01 05:33:17.548495,d65df380d7dce8ad1a560237
pakbos21.org,AVAILABILITY,origin.list,origin.list,2022-04-01 05:33:24.443319,d65df380d7dce8ad1a560237
anoboy.media,AVAILABILITY,origin.list,origin.list,2022-04-01 05:33:24.618058,d65df380d7dce8ad1a560237
filmbokep21.shop,AVAILABILITY,origin.list,origin.list,2022-04-01 05:33:25.958306,d65df380d7dce8ad1a560237
kazefuri.web.id,AVAILABILITY,origin.list,origin.list,2022-04-01 05:33:32.132122,d65df380d7dce8ad1a560237
akurat.co,AVAILABILITY,origin.list,origin.list,2022-04-01 05:33:32.375207,d65df380d7dce8ad1a560237
192.99.70.18,AVAILABILITY,origin.list,origin.list,2022-04-01 05:33:31.968364,d65df380d7dce8ad1a560237
nekonime.com,AVAILABILITY,origin.list,origin.list,2022-04-01 05:33:33.089735,d65df380d7dce8ad1a560237
194.163.183.129,AVAILABILITY,origin.list,origin.list,2022-04-01 05:33:33.086456,d65df380d7dce8ad1a560237
animexin.xyz,AVAILABILITY,origin.list,origin.list,2022-04-01 05:33:41.024530,d65df380d7dce8ad1a560237
dewantn.com,AVAILABILITY,origin.list,origin.list,2022-04-01 05:33:42.154341,d65df380d7dce8ad1a560237
iberita.com,AVAILABILITY,origin.list,origin.list,2022-04-01 05:33:42.669971,d65df380d7dce8ad1a560237
bioskop168.pro,AVAILABILITY,origin.list,origin.list,2022-04-01 05:33:43.193250,d65df380d7dce8ad1a560237
seri168.net,AVAILABILITY,origin.list,origin.list,2022-04-01 05:33:48.001152,d65df380d7dce8ad1a560237
bioskop19.com,AVAILABILITY,origin.list,origin.list,2022-04-01 05:33:48.512667,d65df380d7dce8ad1a560237
filmxy.cc,AVAILABILITY,origin.list,origin.list,2022-04-01 05:33:52.262911,d65df380d7dce8ad1a560237
anoboy.org,AVAILABILITY,origin.list,origin.list,2022-04-01 05:33:55.259391,d65df380d7dce8ad1a560237
ytssubtitles.com,AVAILABILITY,origin.list,origin.list,2022-04-01 05:33:56.918960,d65df380d7dce8ad1a560237
otakudesu.pro,AVAILABILITY,origin.list,origin.list,2022-04-01 05:33:59.367253,d65df380d7dce8ad1a560237
bagas31.com,AVAILABILITY,origin.list,origin.list,2022-04-01 05:34:03.726954,d65df380d7dce8ad1a560237
gatsunime.org,AVAILABILITY,origin.list,origin.list,2022-04-01 05:34:03.851965,d65df380d7dce8ad1a560237
mangakita.net,AVAILABILITY,origin.list,origin.list,2022-04-01 05:34:05.416527,d65df380d7dce8ad1a560237
cerpen.co.id,AVAILABILITY,origin.list,origin.list,2022-04-01 05:34:10.038332,d65df380d7dce8ad1a560237
situshp.com,AVAILABILITY,origin.list,origin.list,2022-04-01 05:34:10.247188,d65df380d7dce8ad1a560237
cinema-indo.net,AVAILABILITY,origin.list,origin.list,2022-04-01 05:34:10.309531,d65df380d7dce8ad1a560237
jakbos.com,AVAILABILITY,origin.list,origin.list,2022-04-01 05:34:15.287271,d65df380d7dce8ad1a560237
tabloidbintang.com,AVAILABILITY,origin.list,origin.list,2022-04-01 05:34:16.899620,d65df380d7dce8ad1a560237
isdaryanto.com,AVAILABILITY,origin.list,origin.list,2022-04-01 05:34:19.359261,d65df380d7dce8ad1a560237
funtasticko.net,AVAILABILITY,origin.list,origin.list,2022-04-01 05:34:19.728852,d65df380d7dce8ad1a560237
animebatchs.com,AVAILABILITY,origin.list,origin.list,2022-04-01 05:34:22.383234,d65df380d7dce8ad1a560237
satujiwa.org,AVAILABILITY,origin.list,origin.list,2022-04-01 05:34:25.101201,d65df380d7dce8ad1a560237
lk21.cc,AVAILABILITY,origin.list,origin.list,2022-04-01 05:34:25.999517,d65df380d7dce8ad1a560237
164.132.158.237,AVAILABILITY,origin.list,origin.list,2022-04-01 05:37:06.811069,d65df380d7dce8ad1a560237
leon.bet,AVAILABILITY,origin.list,origin.list,2022-04-01 05:37:07.401869,d65df380d7dce8ad1a560237
164.68.105.199,AVAILABILITY,origin.list,origin.list,2022-04-01 05:37:07.783961,d65df380d7dce8ad1a560237
75.119.147.12,AVAILABILITY,origin.list,origin.list,2022-04-01 05:37:08.415121,d65df380d7dce8ad1a560237
perawabokep.cam,AVAILABILITY,origin.list,origin.list,2022-04-01 05:37:16.588222,d65df380d7dce8ad1a560237
streamingbokeps.co,AVAILABILITY,origin.list,origin.list,2022-04-01 05:37:17.823143,d65df380d7dce8ad1a560237
sodasusu.com,AVAILABILITY,origin.list,origin.list,2022-04-01 05:37:19.556605,d65df380d7dce8ad1a560237
bintangmawar.net,AVAILABILITY,origin.list,origin.list,2022-04-01 05:37:20.145704,d65df380d7dce8ad1a560237
unyil.net,AVAILABILITY,origin.list,origin.list,2022-04-01 05:37:20.627499,d65df380d7dce8ad1a560237
nontonbokeps.com,AVAILABILITY,origin.list,origin.list,2022-04-01 05:37:27.602246,d65df380d7dce8ad1a560237
158.69.0.212,AVAILABILITY,origin.list,origin.list,2022-04-01 05:37:29.655538,d65df380d7dce8ad1a560237
iyottube.com,AVAILABILITY,origin.list,origin.list,2022-04-01 05:37:30.431078,d65df380d7dce8ad1a560237
manhwaid.org,AVAILABILITY,origin.list,origin.list,2022-04-01 05:37:31.231777,d65df380d7dce8ad1a560237
gadismalam.net,AVAILABILITY,origin.list,origin.list,2022-04-01 05:37:32.339853,d65df380d7dce8ad1a560237
indobokepz.com,AVAILABILITY,origin.list,origin.list,2022-04-01 05:37:38.671737,d65df380d7dce8ad1a560237
manhwalist.com,AVAILABILITY,origin.list,origin.list,2022-04-01 05:37:41.127075,d65df380d7dce8ad1a560237
mediahiburan.my,AVAILABILITY,origin.list,origin.list,2022-04-01 05:37:44.377625,d65df380d7dce8ad1a560237
manhwaland.top,AVAILABILITY,origin.list,origin.list,2022-04-01 05:37:46.604611,d65df380d7dce8ad1a560237
bokepml.online,AVAILABILITY,origin.list,origin.list,2022-04-01 05:37:50.400017,d65df380d7dce8ad1a560237
ibugil.net,AVAILABILITY,origin.list,origin.list,2022-04-01 05:37:52.714831,d65df380d7dce8ad1a560237
melayusex.tube,AVAILABILITY,origin.list,origin.list,2022-04-01 05:37:59.148192,d65df380d7dce8ad1a560237
manhwaindo.id,AVAILABILITY,origin.list,origin.list,2022-04-01 05:38:03.635870,d65df380d7dce8ad1a560237
hentai2read.com,AVAILABILITY,origin.list,origin.list,2022-04-01 05:38:05.250724,d65df380d7dce8ad1a560237
||earn-bitcoins.net^$third-party,AVAILABILITY,origin.list,origin.list,2022-04-01 05:38:31.068490,d65df380d7dce8ad1a560237
||ihqfiimrbcf.com^$popup,AVAILABILITY,origin.list,origin.list,2022-04-01 05:38:36.434473,d65df380d7dce8ad1a560237
||ihqfiimrbcf.com^$xmlhttprequest,AVAILABILITY,origin.list,origin.list,2022-04-01 05:38:36.501327,d65df380d7dce8ad1a560237
||hedgehoghugsyou.com^,AVAILABILITY,origin.list,origin.list,2022-04-01 05:38:37.144963,d65df380d7dce8ad1a560237
||964aa09226.866e69bc8e.com^,AVAILABILITY,origin.list,origin.list,2022-04-01 05:38:37.244984,d65df380d7dce8ad1a560237
||qprskl.com^,AVAILABILITY,origin.list,origin.list,2022-04-01 05:38:52.895568,d65df380d7dce8ad1a560237
||p.eeco.xyz^$xmlhttprequest,AVAILABILITY,origin.list,origin.list,2022-04-01 05:38:56.296690,d65df380d7dce8ad1a560237
||nekonime.best/iklan/$image,AVAILABILITY,origin.list,origin.list,2022-04-01 05:38:58.885108,d65df380d7dce8ad1a560237
"149.28.158.117,animexin.xyz,anixlife.xyz,awsubs.co",AVAILABILITY,origin.list,origin.list,2022-04-01 05:38:59.335259,d65df380d7dce8ad1a560237
||onicdn.xyz/adam/poker88,AVAILABILITY,origin.list,origin.list,2022-04-01 05:39:04.090323,d65df380d7dce8ad1a560237
"anoboy.id,kazefuri.net,kiryuu.id,mangakita.net,mangashiro.net,nontondramaseri.com",AVAILABILITY,origin.list,origin.list,2022-04-01 05:39:18.175560,d65df380d7dce8ad1a560237
"mangaku.in,mangaku.site,mangaku.web.id",AVAILABILITY,origin.list,origin.list,2022-04-01 05:39:19.824606,d65df380d7dce8ad1a560237
||6631f33cf2a1032b.com^,AVAILABILITY,origin.list,origin.list,2022-04-01 05:39:23.954287,d65df380d7dce8ad1a560237
||adsimg.kompas.com^$third-party,AVAILABILITY,origin.list,origin.list,2022-04-01 05:39:24.204975,d65df380d7dce8ad1a560237
||172.105.216.174^$popup,AVAILABILITY,origin.list,origin.list,2022-04-01 05:39:24.759808,d65df380d7dce8ad1a560237
||995db2642d3d852b.com^,AVAILABILITY,origin.list,origin.list,2022-04-01 05:39:38.828058,d65df380d7dce8ad1a560237
||1b969cef84d93b43.com^,AVAILABILITY,origin.list,origin.list,2022-04-01 05:39:39.844967,d65df380d7dce8ad1a560237
||cea9d3d4f74fb831.com^,AVAILABILITY,origin.list,origin.list,2022-04-01 05:39:40.014998,d65df380d7dce8ad1a560237
||utopia.ad-loupe.com^$third-party,AVAILABILITY,origin.list,origin.list,2022-04-01 05:39:46.222633,d65df380d7dce8ad1a560237
||browsertelemetry.tk^,AVAILABILITY,origin.list,origin.list,2022-04-01 05:39:48.950359,d65df380d7dce8ad1a560237
"||animexin.*/wp-content/uploads/*.gif$image,~third-party",AVAILABILITY,origin.list,origin.list,2022-04-01 05:39:56.166859,d65df380d7dce8ad1a560237
||offer.popsads.link^$script,AVAILABILITY,origin.list,origin.list,2022-04-01 05:39:58.461771,d65df380d7dce8ad1a560237
||profitsurvey365.live^$script,AVAILABILITY,origin.list,origin.list,2022-04-01 05:40:00.227621,d65df380d7dce8ad1a560237
||d824d7f5cbcb0e00.com^,AVAILABILITY,origin.list,origin.list,2022-04-01 05:40:03.310780,d65df380d7dce8ad1a560237
.id/ads/,AVAILABILITY,origin.list,origin.list,2022-04-01 05:40:10.198139,d65df380d7dce8ad1a560237
||bioskop168.*/wp-content/uploads/*.gif$image,AVAILABILITY,origin.list,origin.list,2022-04-01 05:40:17.393401,d65df380d7dce8ad1a560237
||bioskop19.*/wp-content/uploads/*.gif$image,AVAILABILITY,origin.list,origin.list,2022-04-01 05:40:21.636272,d65df380d7dce8ad1a560237
||bioskop55.*/wp-content/uploads/*.gif$image,AVAILABILITY,origin.list,origin.list,2022-04-01 05:40:24.446122,d65df380d7dce8ad1a560237
||bioskop007.*/wp-content/uploads/*.gif$image,AVAILABILITY,origin.list,origin.list,2022-04-01 05:40:24.668458,d65df380d7dce8ad1a560237
||bioskop21.*/wp-content/uploads/*.gif$image,AVAILABILITY,origin.list,origin.list,2022-04-01 05:40:33.415091,d65df380d7dce8ad1a560237
||bioskop45.*/Banner/*.gif$image,AVAILABILITY,origin.list,origin.list,2022-04-01 05:40:41.920188,d65df380d7dce8ad1a560237
||bioskop212.*/wp-content/uploads/*.gif$image,AVAILABILITY,origin.list,origin.list,2022-04-01 05:40:42.075054,d65df380d7dce8ad1a560237
||bioskopkeren.guru/images/*.gif$image,AVAILABILITY,origin.list,origin.list,2022-04-01 05:40:45.145180,d65df380d7dce8ad1a560237
||budiarto.id/bausastra/assets/img/*.jpg,AVAILABILITY,origin.list,origin.list,2022-04-01 05:40:46.448846,d65df380d7dce8ad1a560237
||bioskopkeren.xyz/images/*.gif$image,AVAILABILITY,origin.list,origin.list,2022-04-01 05:40:54.387438,d65df380d7dce8ad1a560237
||bioskopxxi.*/wp-content/uploads/*.gif$image,AVAILABILITY,origin.list,origin.list,2022-04-01 05:40:57.609796,d65df380d7dce8ad1a560237
||budiarto.id/bausastra/assets/img/banner,AVAILABILITY,origin.list,origin.list,2022-04-01 05:41:04.669646,d65df380d7dce8ad1a560237
"||bp.blogspot.com/*/iklan_landscape.jpg$image,domain=mangacanblog.com",AVAILABILITY,origin.list,origin.list,2022-04-01 05:41:06.048129,d65df380d7dce8ad1a560237
||cdn.kaskus.com/img/skin/*.gif$image,AVAILABILITY,origin.list,origin.list,2022-04-01 05:41:08.996808,d65df380d7dce8ad1a560237
||cdn.detik.net.id/detik2/mobile/js/it.mobile.js$script,AVAILABILITY,origin.list,origin.list,2022-04-01 05:41:14.532665,d65df380d7dce8ad1a560237
||cekerayam.xyz/wp-content/uploads/*.gif$image,AVAILABILITY,origin.list,origin.list,2022-04-01 05:41:17.898362,d65df380d7dce8ad1a560237
||cdn.staticaly.com/gh/sotazer/sotazone/*/kurazoneAdblock.js,AVAILABILITY,origin.list,origin.list,2022-04-01 05:41:18.933743,d65df380d7dce8ad1a560237
"||cdn.rawgit.com/sdnime09/Ngewe-om/f8cad426/sayang.js$script,domain=myanimeindo.net",AVAILABILITY,origin.list,origin.list,2022-04-01 05:41:24.769272,d65df380d7dce8ad1a560237
||cinema-indo.com/banere/*.gif$image,AVAILABILITY,origin.list,origin.list,2022-04-01 05:41:29.057392,d65df380d7dce8ad1a560237
||cinema007.*/wp-content/uploads/*.gif$image,AVAILABILITY,origin.list,origin.list,2022-04-01 05:41:32.316973,d65df380d7dce8ad1a560237
||cinemaindo.web.id/banere/,AVAILABILITY,origin.list,origin.list,2022-04-01 05:41:37.665001,d65df380d7dce8ad1a560237
||cinemaindo.web.id/temane/aa/ada.js?id=1461751640199$script,AVAILABILITY,origin.list,origin.list,2022-04-01 05:41:38.591261,d65df380d7dce8ad1a560237
||cinemaindo.*/wp-content/uploads/*.gif$image,AVAILABILITY,origin.list,origin.list,2022-04-01 05:41:38.837754,d65df380d7dce8ad1a560237
||detik.com/images/banners/,AVAILABILITY,origin.list,origin.list,2022-04-01 05:41:48.514369,d65df380d7dce8ad1a560237
||comotin.com/wp-content/uploads/*.gif$image,AVAILABILITY,origin.list,origin.list,2022-04-01 05:41:50.319390,d65df380d7dce8ad1a560237
||cinemastar21.*/wp-content/uploads/*.gif$image,AVAILABILITY,origin.list,origin.list,2022-04-01 05:41:51.058096,d65df380d7dce8ad1a560237
||cinemaqq.*/wp-content/uploads/*.gif$image,AVAILABILITY,origin.list,origin.list,2022-04-01 05:41:56.370572,d65df380d7dce8ad1a560237
||conan.id/wp-content/uploads/2018/*.gif$image,AVAILABILITY,origin.list,origin.list,2022-04-01 05:42:00.693637,d65df380d7dce8ad1a560237
||detik.com/live/css/desktop/dads.css$stylesheet,AVAILABILITY,origin.list,origin.list,2022-04-01 05:42:05.480877,d65df380d7dce8ad1a560237
||detik.com/live/css/desktop/dads_preview.css$stylesheet,AVAILABILITY,origin.list,origin.list,2022-04-01 05:42:08.936118,d65df380d7dce8ad1a560237
||detik.com/live/css/msite/mads.css$stylesheet,AVAILABILITY,origin.list,origin.list,2022-04-01 05:42:11.933065,d65df380d7dce8ad1a560237
||detik.com/live/js/desktop/daeg.js$script,AVAILABILITY,origin.list,origin.list,2022-04-01 05:42:17.215269,d65df380d7dce8ad1a560237
||detik.com/live/js/msite/maeg_preview.js$script,AVAILABILITY,origin.list,origin.list,2022-04-01 05:42:17.281450,d65df380d7dce8ad1a560237
||detik.com/live/js/desktop/daegv2_preview.js$script,AVAILABILITY,origin.list,origin.list,2022-04-01 05:42:17.509578,d65df380d7dce8ad1a560237
||detik.com/live/js/eyeotadtk.js$script,AVAILABILITY,origin.list,origin.list,2022-04-01 05:42:28.557420,d65df380d7dce8ad1a560237
||detik.com/live/js/desktop/daegv2.js$script,AVAILABILITY,origin.list,origin.list,2022-04-01 05:42:30.802105,d65df380d7dce8ad1a560237
||detik.com/live/js/msite/maeg.js$script,AVAILABILITY,origin.list,origin.list,2022-04-01 05:42:36.652293,d65df380d7dce8ad1a560237
||detik.com/mobile/js/it.mobile.js$script,AVAILABILITY,origin.list,origin.list,2022-04-01 05:42:38.697652,d65df380d7dce8ad1a560237
||dewamovie.*/wp-content/uploads/*.gif$image,AVAILABILITY,origin.list,origin.list,2022-04-01 05:42:41.240034,d65df380d7dce8ad1a560237
||dewanontons.com/wp-content/uploads/*.gif$image,AVAILABILITY,origin.list,origin.list,2022-04-01 05:42:45.214122,d65df380d7dce8ad1a560237
||detik.com/live/js/msite/maegv2.js$script,AVAILABILITY,origin.list,origin.list,2022-04-01 05:48:07.358570,d65df380d7dce8ad1a560237
||dunia21s.*/wp-content/uploads/*.gif$image,AVAILABILITY,origin.list,origin.list,2022-04-01 05:48:07.753829,d65df380d7dce8ad1a560237
"||dewanonton.*/static/banner/*.gif$image,~third-party",AVAILABILITY,origin.list,origin.list,2022-04-01 05:48:07.881444,d65df380d7dce8ad1a560237
||dewantn.com/wp-content/uploads/*.gif$image,AVAILABILITY,origin.list,origin.list,2022-04-01 05:48:09.574732,d65df380d7dce8ad1a560237
||dunia21.*/assets/*.gif$image,AVAILABILITY,origin.list,origin.list,2022-04-01 05:48:09.753089,d65df380d7dce8ad1a560237
||fansubupdate.com/res/img/sampleads/,AVAILABILITY,origin.list,origin.list,2022-04-01 05:48:17.270436,d65df380d7dce8ad1a560237
||dwanonton.com/static/banner/*.gif$image,AVAILABILITY,origin.list,origin.list,2022-04-01 05:48:21.484757,d65df380d7dce8ad1a560237
||ebsoft.web.id/wp-content/banners/,AVAILABILITY,origin.list,origin.list,2022-04-01 05:48:21.728210,d65df380d7dce8ad1a560237
||eramuslim.com/banners,AVAILABILITY,origin.list,origin.list,2022-04-01 05:48:22.892059,d65df380d7dce8ad1a560237
||dwanonton.*/wp-content/uploads/*.gif$image,AVAILABILITY,origin.list,origin.list,2022-04-01 05:48:23.291839,d65df380d7dce8ad1a560237
||fb21.*/wp-content/uploads/*.gif$image,AVAILABILITY,origin.list,origin.list,2022-04-01 05:48:28.485617,d65df380d7dce8ad1a560237
||film21terbaru.org/wp-content/uploads/*.gif$image,AVAILABILITY,origin.list,origin.list,2022-04-01 05:48:29.597604,d65df380d7dce8ad1a560237
||film-ganool.*/wp-content/uploads/*.gif$image,AVAILABILITY,origin.list,origin.list,2022-04-01 05:48:32.909224,d65df380d7dce8ad1a560237
||fb21.*/img/closeX.png$image,AVAILABILITY,origin.list,origin.list,2022-04-01 05:48:33.968049,d65df380d7dce8ad1a560237
||filmace21.net/imgiklan/*.gif$image,AVAILABILITY,origin.list,origin.list,2022-04-01 05:48:34.843262,d65df380d7dce8ad1a560237
||filmace21.net/imgiklanz/*.gif$image,AVAILABILITY,origin.list,origin.list,2022-04-01 05:48:36.347424,d65df380d7dce8ad1a560237
||film21terbaru.tv/wp-content/uploads/*.gif$image,AVAILABILITY,origin.list,origin.list,2022-04-01 05:48:40.125207,d65df380d7dce8ad1a560237
||forumkami.net/ad125x125/,AVAILABILITY,origin.list,origin.list,2022-04-01 05:48:43.039125,d65df380d7dce8ad1a560237
||forumbookie.com/banner/,AVAILABILITY,origin.list,origin.list,2022-04-01 05:48:43.505665,d65df380d7dce8ad1a560237
||forumbitcoin.co.id/other/banner/*-*.$image,AVAILABILITY,origin.list,origin.list,2022-04-01 05:48:45.097349,d65df380d7dce8ad1a560237
||filmbaru.in/wp-content/uploads/*.gif$image,AVAILABILITY,origin.list,origin.list,2022-04-01 05:48:45.185068,d65df380d7dce8ad1a560237
||filmbioskop21.*/wp-content/uploads/*.gif$image,AVAILABILITY,origin.list,origin.list,2022-04-01 05:48:49.203901,d65df380d7dce8ad1a560237
||forumkami.net/ad200x50/,AVAILABILITY,origin.list,origin.list,2022-04-01 05:48:50.350527,d65df380d7dce8ad1a560237
||ganool.city/iklan/$image,AVAILABILITY,origin.list,origin.list,2022-04-01 05:48:51.483806,d65df380d7dce8ad1a560237
||galaxyxxi.*/wp-content/uploads/*.gif$image,AVAILABILITY,origin.list,origin.list,2022-04-01 05:48:52.309582,d65df380d7dce8ad1a560237
||ganool.link/wp-content/uploads/*.gif$image,AVAILABILITY,origin.list,origin.list,2022-04-01 05:48:56.365913,d65df380d7dce8ad1a560237
||ganool.my.id/wp-content/uploads/2016/05/download-button.gif,AVAILABILITY,origin.list,origin.list,2022-04-01 05:48:57.064223,d65df380d7dce8ad1a560237
"||gm21.xyz/wp-content/uploads/*.gif$image,~third-party",AVAILABILITY,origin.list,origin.list,2022-04-01 05:48:57.771544,d65df380d7dce8ad1a560237
||grandxxi.*/img/banner/*.gif$image,AVAILABILITY,origin.list,origin.list,2022-04-01 05:49:00.896879,d65df380d7dce8ad1a560237
||gmovies.org/wp-content/uploads/*.gif$image,AVAILABILITY,origin.list,origin.list,2022-04-01 05:49:02.819990,d65df380d7dce8ad1a560237
"||fix.samlike.net/fixsafe.js$script,domain=animebatch.web.id",AVAILABILITY,origin.list,origin.list,2022-04-01 05:49:04.083263,d65df380d7dce8ad1a560237
||harianjogja.com/banner/,AVAILABILITY,origin.list,origin.list,2022-04-01 05:49:05.367720,d65df380d7dce8ad1a560237
"||gets.kadal.club/js/getlinkz.js$script,domain=alex71.com",AVAILABILITY,origin.list,origin.list,2022-04-01 05:49:05.929607,d65df380d7dce8ad1a560237
||gsshop.co.id^*/background/banner-,AVAILABILITY,origin.list,origin.list,2022-04-01 05:49:08.379119,d65df380d7dce8ad1a560237
||gudangmovies21.*/wp-content/uploads/*.gif$image,AVAILABILITY,origin.list,origin.list,2022-04-01 05:49:09.435815,d65df380d7dce8ad1a560237
||harakah.net.my/images/stories/iklan/,AVAILABILITY,origin.list,origin.list,2022-04-01 05:49:11.036413,d65df380d7dce8ad1a560237
||harianjogja.com/img/bnr/,AVAILABILITY,origin.list,origin.list,2022-04-01 05:49:15.208606,d65df380d7dce8ad1a560237
||idbioskop.com/wp-content/uploads/*/*/300-x-250.png,AVAILABILITY,origin.list,origin.list,2022-04-01 05:49:15.324418,d65df380d7dce8ad1a560237
||hightech.web.id^*/?site=$popup,AVAILABILITY,origin.list,origin.list,2022-04-01 05:49:15.329241,d65df380d7dce8ad1a560237
||id.hao123.com/resource/id/banner/,AVAILABILITY,origin.list,origin.list,2022-04-01 05:49:17.824147,d65df380d7dce8ad1a560237
||henscripts.googlecode.com/svn/trunk/popup/jspopupv1.js,AVAILABILITY,origin.list,origin.list,2022-04-01 05:49:18.167289,d65df380d7dce8ad1a560237
||idbioskop.com/wp-content/uploads/*/*/ad-150x300-website.jpg,AVAILABILITY,origin.list,origin.list,2022-04-01 05:49:21.190794,d65df380d7dce8ad1a560237
||hotabis.com/wp-content/uploads/*.gif$image,AVAILABILITY,origin.list,origin.list,2022-04-01 05:49:22.630528,d65df380d7dce8ad1a560237
||idblognetwork.com/images/banner468x60/,AVAILABILITY,origin.list,origin.list,2022-04-01 05:49:23.668536,d65df380d7dce8ad1a560237
||id.techinasia.com/OneSignalSDKWorker.js,AVAILABILITY,origin.list,origin.list,2022-04-01 05:49:24.052078,d65df380d7dce8ad1a560237
||idblognetwork.com/images/banner728x90/,AVAILABILITY,origin.list,origin.list,2022-04-01 05:49:26.641258,d65df380d7dce8ad1a560237
"||idfl.*/assets/js/adst.js$script,~third-party",AVAILABILITY,origin.list,origin.list,2022-04-01 05:49:27.132154,d65df380d7dce8ad1a560237
||idxxi.*/wp-content/uploads/*.gif$image,AVAILABILITY,origin.list,origin.list,2022-04-01 05:49:28.496826,d65df380d7dce8ad1a560237
||images.gameweb.co.id/gw/ads/,AVAILABILITY,origin.list,origin.list,2022-04-01 05:49:32.446897,d65df380d7dce8ad1a560237
"||img.sukipli.com/*.gif$image,third-party",AVAILABILITY,origin.list,origin.list,2022-04-01 05:49:33.713469,d65df380d7dce8ad1a560237
"||imagebam.com/*.gif$image,domain=ganool.li",AVAILABILITY,origin.list,origin.list,2022-04-01 05:49:35.616086,d65df380d7dce8ad1a560237
"||img.nt1.co/*.gif$image,domain=dramaserial.xyz",AVAILABILITY,origin.list,origin.list,2022-04-01 05:49:37.740901,d65df380d7dce8ad1a560237
"||i.ibb.co/*.gif$image,domain=kazefuri.web.id",AVAILABILITY,origin.list,origin.list,2022-04-01 05:49:37.789781,d65df380d7dce8ad1a560237
"||img.topddl.net^$image,domain=nanimex.com",AVAILABILITY,origin.list,origin.list,2022-04-01 05:49:40.849808,d65df380d7dce8ad1a560237
||indochanger.com/banner/,AVAILABILITY,origin.list,origin.list,2022-04-01 05:49:43.102685,d65df380d7dce8ad1a560237
"||img.teman.stream/tb/*.gif$image,domain=bioskopkerenin.com",AVAILABILITY,origin.list,origin.list,2022-04-01 05:49:43.682695,d65df380d7dce8ad1a560237
||impulse.forkcdn.com/pub/kaskus/kaskus/generic.js,AVAILABILITY,origin.list,origin.list,2022-04-01 05:49:45.472010,d65df380d7dce8ad1a560237
||indocinema21.com/banner/,AVAILABILITY,origin.list,origin.list,2022-04-01 05:49:46.752256,d65df380d7dce8ad1a560237
||impulse.forkcdn.com/impulse3/config/impulse.js,AVAILABILITY,origin.list,origin.list,2022-04-01 05:49:46.904766,d65df380d7dce8ad1a560237
||indostreamings.*/wp-content/uploads/*.gif$image,AVAILABILITY,origin.list,origin.list,2022-04-01 05:49:52.463327,d65df380d7dce8ad1a560237
||indotelko.com/inc/banner.css,AVAILABILITY,origin.list,origin.list,2022-04-01 05:49:52.960565,d65df380d7dce8ad1a560237
||indoforum.top/banners/,AVAILABILITY,origin.list,origin.list,2022-04-01 05:49:55.710130,d65df380d7dce8ad1a560237
||indotelko.com/images/banner/,AVAILABILITY,origin.list,origin.list,2022-04-01 05:49:57.783962,d65df380d7dce8ad1a560237
||jagatreview.com/wp-content/uploads/*-SKIN-,AVAILABILITY,origin.list,origin.list,2022-04-01 05:49:58.808069,d65df380d7dce8ad1a560237
||juragan21.com/wp-content/uploads/*.gif$image,AVAILABILITY,origin.list,origin.list,2022-04-01 05:50:01.322263,d65df380d7dce8ad1a560237
||indoxximovie.com/wp-content/uploads/2020/06/realbola.jpg$image,AVAILABILITY,origin.list,origin.list,2022-04-01 05:50:02.741484,d65df380d7dce8ad1a560237
||kampus.us/banners/,AVAILABILITY,origin.list,origin.list,2022-04-01 05:50:04.323388,d65df380d7dce8ad1a560237
||kaskus.co.id/images/banner-wap/,AVAILABILITY,origin.list,origin.list,2022-04-01 05:50:07.014479,d65df380d7dce8ad1a560237
||indotelko.com/inc/c_banner.js,AVAILABILITY,origin.list,origin.list,2022-04-01 05:50:11.626441,d65df380d7dce8ad1a560237
||kaskus.com/images/banner-wap/,AVAILABILITY,origin.list,origin.list,2022-04-01 05:50:13.023446,d65df380d7dce8ad1a560237
||kdramaindo.*/wp-content/uploads/*.gif$image,AVAILABILITY,origin.list,origin.list,2022-04-01 05:50:14.988943,d65df380d7dce8ad1a560237
"||kebagi.com/*.gif$image,third-party",AVAILABILITY,origin.list,origin.list,2022-04-01 05:50:15.829035,d65df380d7dce8ad1a560237
||kazefuri.web.id/wp-content/themes/Kazebaru/img/300ads.png$image,AVAILABILITY,origin.list,origin.list,2022-04-01 05:50:16.567475,d65df380d7dce8ad1a560237
||kotakgame.com/images/bnr/partner/*.jpg,AVAILABILITY,origin.list,origin.list,2022-04-01 05:50:21.602507,d65df380d7dce8ad1a560237
||layarkaca21.*/assets/*.gif$image,AVAILABILITY,origin.list,origin.list,2022-04-01 05:50:21.651869,d65df380d7dce8ad1a560237
||kkcdn-static.kaskus.co.id/css_v0.1/img/skin/,AVAILABILITY,origin.list,origin.list,2022-04-01 05:50:25.167583,d65df380d7dce8ad1a560237
||kompas.com/data/banner/,AVAILABILITY,origin.list,origin.list,2022-04-01 05:50:26.861855,d65df380d7dce8ad1a560237
||layarkeren.*/wp-content/uploads/*.gif$image,AVAILABILITY,origin.list,origin.list,2022-04-01 05:50:27.872640,d65df380d7dce8ad1a560237
"||linkgenerator.xyz$script,third-party",AVAILABILITY,origin.list,origin.list,2022-04-01 05:50:31.269875,d65df380d7dce8ad1a560237
"||lapak-online.net^$popup,third-party",AVAILABILITY,origin.list,origin.list,2022-04-01 05:50:32.656014,d65df380d7dce8ad1a560237
||lk21.*/assets/*.gif$image,AVAILABILITY,origin.list,origin.list,2022-04-01 05:50:32.664771,d65df380d7dce8ad1a560237
"||kuyhaa-me.com/meongvpn.js$script,domain=kuyhaa-me.com",AVAILABILITY,origin.list,origin.list,2022-04-01 05:50:37.242705,d65df380d7dce8ad1a560237
||lk21.*/wp-content/uploads/*.gif$image,AVAILABILITY,origin.list,origin.list,2022-04-01 05:50:37.534083,d65df380d7dce8ad1a560237
"||layarkaca21.net/anow.js$script,domain=cinemaindo.web.id",AVAILABILITY,origin.list,origin.list,2022-04-01 05:50:44.895763,d65df380d7dce8ad1a560237
||lk21c.*/wp-content/uploads/*.gif$image,AVAILABILITY,origin.list,origin.list,2022-04-01 05:50:46.182824,d65df380d7dce8ad1a560237
||lk21n.*/wp-content/uploads/banner/*.gif$image,AVAILABILITY,origin.list,origin.list,2022-04-01 05:50:47.314083,d65df380d7dce8ad1a560237
||lk21i.*/wp-content/uploads/*.gif$image,AVAILABILITY,origin.list,origin.list,2022-04-01 05:50:47.854653,d65df380d7dce8ad1a560237
||lk21v.*/wp-content/uploads/*.gif$image,AVAILABILITY,origin.list,origin.list,2022-04-01 05:50:50.650302,d65df380d7dce8ad1a560237
||lytogame.com/images/partner/$third-party,AVAILABILITY,origin.list,origin.list,2022-04-01 05:50:54.195665,d65df380d7dce8ad1a560237
||lkxxi.*/wp-content/uploads/*.gif$image,AVAILABILITY,origin.list,origin.list,2022-04-01 05:50:58.313805,d65df380d7dce8ad1a560237
||malesbanget.com/js/live/mbdc_billboard.js$script,AVAILABILITY,origin.list,origin.list,2022-04-01 05:51:00.247703,d65df380d7dce8ad1a560237
||lytogame.com/partner/$third-party,AVAILABILITY,origin.list,origin.list,2022-04-01 05:51:00.737392,d65df380d7dce8ad1a560237
||malesbanget.com/js/live/mbdc_inrect1.js$script,AVAILABILITY,origin.list,origin.list,2022-04-01 05:51:04.085632,d65df380d7dce8ad1a560237
||malesbanget.com/js/live/mbdc_inrect2.js$script,AVAILABILITY,origin.list,origin.list,2022-04-01 05:51:09.146231,d65df380d7dce8ad1a560237
||malesbanget.com/js/live/mbdc_lgbanner.js$script,AVAILABILITY,origin.list,origin.list,2022-04-01 05:51:12.957826,d65df380d7dce8ad1a560237
||mangaku.web.id/Gambar/Ads720.html,AVAILABILITY,origin.list,origin.list,2022-04-01 05:51:16.083849,d65df380d7dce8ad1a560237
||mangacanblog.com/adblock/src/adblock-checker.js,AVAILABILITY,origin.list,origin.list,2022-04-01 05:51:16.180426,d65df380d7dce8ad1a560237
||mediaindonesia.com/ajax/banners,AVAILABILITY,origin.list,origin.list,2022-04-01 05:51:20.857457,d65df380d7dce8ad1a560237
||mediaindonesia.com/files/banners/,AVAILABILITY,origin.list,origin.list,2022-04-01 05:51:24.997506,d65df380d7dce8ad1a560237
||mediaindonesia.com/public/banner/flash/,AVAILABILITY,origin.list,origin.list,2022-04-01 05:51:29.218559,d65df380d7dce8ad1a560237
||movieon21.*/wp-content/uploads/*.gif$image,AVAILABILITY,origin.list,origin.list,2022-04-01 05:51:31.758445,d65df380d7dce8ad1a560237
||modifikasi.com/images/banner/*.gif$image,AVAILABILITY,origin.list,origin.list,2022-04-01 05:51:31.912902,d65df380d7dce8ad1a560237
||modifikasi.com/images/banner_,AVAILABILITY,origin.list,origin.list,2022-04-01 05:51:33.049032,d65df380d7dce8ad1a560237
||movie303.*/wp-content/uploads/*.gif$image,AVAILABILITY,origin.list,origin.list,2022-04-01 05:51:41.492123,d65df380d7dce8ad1a560237
||musisi.com/musifile/images_banner/,AVAILABILITY,origin.list,origin.list,2022-04-01 05:51:42.014180,d65df380d7dce8ad1a560237
||modifikasi.com/images/banner/$third-party,AVAILABILITY,origin.list,origin.list,2022-04-01 05:51:43.859567,d65df380d7dce8ad1a560237
||mractionclub.com/banner/,AVAILABILITY,origin.list,origin.list,2022-04-01 05:51:45.239192,d65df380d7dce8ad1a560237
||moviegan.com/wp-content/uploads/*.gif$image,AVAILABILITY,origin.list,origin.list,2022-04-01 05:51:46.287045,d65df380d7dce8ad1a560237
||mydramalist.com/assets/img/blank_spnsr.jpg$image,AVAILABILITY,origin.list,origin.list,2022-04-01 05:51:54.483066,d65df380d7dce8ad1a560237
||muhbayu.github.io/adbdetect/js/adbdetect.packed.js,AVAILABILITY,origin.list,origin.list,2022-04-01 05:51:58.646960,d65df380d7dce8ad1a560237
||movietube21.*/wp-content/uploads/*.gif$image,AVAILABILITY,origin.list,origin.list,2022-04-01 05:51:59.208129,d65df380d7dce8ad1a560237
||newlk21.*/wp-content/uploads/*.gif$image,AVAILABILITY,origin.list,origin.list,2022-04-01 05:52:05.171498,d65df380d7dce8ad1a560237
||mydramalist.com/assets/img/blank_spnsr300x250.png$image,AVAILABILITY,origin.list,origin.list,2022-04-01 05:52:05.892368,d65df380d7dce8ad1a560237
||nanime.biz^$third-party,AVAILABILITY,origin.list,origin.list,2022-04-01 05:52:15.625351,d65df380d7dce8ad1a560237
||nobartv.com/adsLoader/$xmlhttprequest,AVAILABILITY,origin.list,origin.list,2022-04-01 05:52:18.886297,d65df380d7dce8ad1a560237
||nobartv.com/img/banner/*.gif$image,AVAILABILITY,origin.list,origin.list,2022-04-01 05:52:19.357344,d65df380d7dce8ad1a560237
||nonton21.*/wp-content/uploads/*.gif$image,AVAILABILITY,origin.list,origin.list,2022-04-01 05:52:22.611176,d65df380d7dce8ad1a560237
||nonton.club/wp-content/uploads/*.gif$image,AVAILABILITY,origin.list,origin.list,2022-04-01 05:52:25.346422,d65df380d7dce8ad1a560237
||nonton33.*/wp-content/uploads/*.gif$image,AVAILABILITY,origin.list,origin.list,2022-04-01 05:52:29.319278,d65df380d7dce8ad1a560237
||nontonbareng.tv/wp-content/uploads/*.gif$image,AVAILABILITY,origin.list,origin.list,2022-04-01 05:52:35.490754,d65df380d7dce8ad1a560237
||nontonbox.tv/wp-content/uploads/*.gif$image,AVAILABILITY,origin.list,origin.list,2022-04-01 05:52:37.676571,d65df380d7dce8ad1a560237
||nontonbox.tv/img/closeX.png,AVAILABILITY,origin.list,origin.list,2022-04-01 05:52:40.986937,d65df380d7dce8ad1a560237
||nontonfilm77.*/wp-content/uploads/*.gif$image,AVAILABILITY,origin.list,origin.list,2022-04-01 05:52:43.813311,d65df380d7dce8ad1a560237
||nontondramaonline.co/oke/*.gif$image,AVAILABILITY,origin.list,origin.list,2022-04-01 05:52:44.977537,d65df380d7dce8ad1a560237
||nontondrama.*/wp-content/uploads/*.gif$image,AVAILABILITY,origin.list,origin.list,2022-04-01 05:52:54.113397,d65df380d7dce8ad1a560237
||nontonfilmbaru.*/wp-content/uploads/*.gif$image,AVAILABILITY,origin.list,origin.list,2022-04-01 05:52:55.818074,d65df380d7dce8ad1a560237
||nontondramas.*/wp-content/uploads/*.gif$image,AVAILABILITY,origin.list,origin.list,2022-04-01 05:52:57.108140,d65df380d7dce8ad1a560237
||nontongratis88.*/wp-content/uploads/*.gif$image,AVAILABILITY,origin.list,origin.list,2022-04-01 05:52:58.434158,d65df380d7dce8ad1a560237
||nontonindrama.com/okes/*.gif$image,AVAILABILITY,origin.list,origin.list,2022-04-01 05:52:59.818664,d65df380d7dce8ad1a560237
||nontonfilmku.*/wp-content/uploads/*.gif$image,AVAILABILITY,origin.list,origin.list,2022-04-01 05:53:08.295694,d65df380d7dce8ad1a560237
||nontonindrama.com/oke/*.gif$image,AVAILABILITY,origin.list,origin.list,2022-04-01 05:53:09.511979,d65df380d7dce8ad1a560237
||nontonserial.*/wp-content/uploads/*.gif$image,AVAILABILITY,origin.list,origin.list,2022-04-01 05:53:09.515920,d65df380d7dce8ad1a560237
||nontonmovie.web.id/banere/*.gif$image,AVAILABILITY,origin.list,origin.list,2022-04-01 05:53:09.959433,d65df380d7dce8ad1a560237
"||noobscript.com^$script,third-party",AVAILABILITY,origin.list,origin.list,2022-04-01 05:53:14.246929,d65df380d7dce8ad1a560237
||nontonsub.*/wp-content/uploads/*.gif$image,AVAILABILITY,origin.list,origin.list,2022-04-01 05:53:23.211657,d65df380d7dce8ad1a560237
||playwebgame.com/banner/$third-party,AVAILABILITY,origin.list,origin.list,2022-04-01 05:53:26.219345,d65df380d7dce8ad1a560237
||resep.web.id/banner/,AVAILABILITY,origin.list,origin.list,2022-04-01 05:53:26.803410,d65df380d7dce8ad1a560237
||raw.githack.com/jefcom/jefar/master/jefar.js$script,AVAILABILITY,origin.list,origin.list,2022-04-01 05:53:26.966984,d65df380d7dce8ad1a560237
||nontonstreaming.co/wp-content/uploads/*.gif$image,AVAILABILITY,origin.list,origin.list,2022-04-01 05:53:27.919289,d65df380d7dce8ad1a560237
||primbon.com/banner/ilmugendam.gif,AVAILABILITY,origin.list,origin.list,2022-04-01 05:53:34.359191,d65df380d7dce8ad1a560237
||safelinkblog.com/js/v2.js$script,AVAILABILITY,origin.list,origin.list,2022-04-01 05:53:41.951444,d65df380d7dce8ad1a560237
"||snacklink.id/js/web-script.js$script,third-party",AVAILABILITY,origin.list,origin.list,2022-04-01 05:53:42.223765,d65df380d7dce8ad1a560237
||rikucan.com/wp-content/themes/mh-magazine-lite/js/looping.js,AVAILABILITY,origin.list,origin.list,2022-04-01 05:53:42.663649,d65df380d7dce8ad1a560237
||semuaberita.com/banner/,AVAILABILITY,origin.list,origin.list,2022-04-01 05:53:42.756773,d65df380d7dce8ad1a560237
||serunonton.*/wp-content/uploads/*.gif$image,AVAILABILITY,origin.list,origin.list,2022-04-01 05:53:44.736793,d65df380d7dce8ad1a560237
||suaramerdeka.com/v1/images/iklan_ffi.$image,AVAILABILITY,origin.list,origin.list,2022-04-01 05:53:52.660792,d65df380d7dce8ad1a560237
||solopos.com/banner/,AVAILABILITY,origin.list,origin.list,2022-04-01 05:53:56.621374,d65df380d7dce8ad1a560237
||senimovies.*/wp-content/uploads/*.gif$image,AVAILABILITY,origin.list,origin.list,2022-04-01 05:53:58.198115,d65df380d7dce8ad1a560237
||sobatkeren.club/img/banner/*.gif$image,AVAILABILITY,origin.list,origin.list,2022-04-01 05:53:58.822188,d65df380d7dce8ad1a560237
||sukanonton.*/wp-content/uploads/*.gif$image,AVAILABILITY,origin.list,origin.list,2022-04-01 05:53:59.680064,d65df380d7dce8ad1a560237
||tempo.co/webtorial/like/remodal,AVAILABILITY,origin.list,origin.list,2022-04-01 05:54:01.220903,d65df380d7dce8ad1a560237
||thirdstarfilm.*/wp-content/uploads/*.gif$image,AVAILABILITY,origin.list,origin.list,2022-04-01 05:54:07.773975,d65df380d7dce8ad1a560237
||tambahketinggian.com/banner/,AVAILABILITY,origin.list,origin.list,2022-04-01 05:54:11.099667,d65df380d7dce8ad1a560237
||utusan.com.my/utusan/iklan/,AVAILABILITY,origin.list,origin.list,2022-04-01 05:54:11.293454,d65df380d7dce8ad1a560237
||tvkabel.net/prom/*.gif$image,AVAILABILITY,origin.list,origin.list,2022-04-01 05:54:13.060488,d65df380d7dce8ad1a560237
||tribunnews.com/stylesheets/close.gif,AVAILABILITY,origin.list,origin.list,2022-04-01 05:54:13.572426,d65df380d7dce8ad1a560237
||wp.com/ryuukoi.web.id/wp-content/uploads/*/antiadblock$image,AVAILABILITY,origin.list,origin.list,2022-04-01 05:54:22.064190,d65df380d7dce8ad1a560237
||www.riau24.com/portal/adv/$image,AVAILABILITY,origin.list,origin.list,2022-04-01 05:54:22.327605,d65df380d7dce8ad1a560237
||uploadboy.com/bannerset/,AVAILABILITY,origin.list,origin.list,2022-04-01 05:54:22.851383,d65df380d7dce8ad1a560237
||upload.coblos.net/images/*.gif$image,AVAILABILITY,origin.list,origin.list,2022-04-01 05:54:24.429478,d65df380d7dce8ad1a560237
||yourjavascript.com/1411253239/itu-domino-popup-script.js,AVAILABILITY,origin.list,origin.list,2022-04-01 05:54:26.977891,d65df380d7dce8ad1a560237
||yourjavascript.com/9422241923/iklan-popweb-goalcoid.js,AVAILABILITY,origin.list,origin.list,2022-04-01 05:54:31.127951,d65df380d7dce8ad1a560237
||www.shrinkads.com/js/xe.js$script,AVAILABILITY,origin.list,origin.list,2022-04-01 05:54:33.011494,d65df380d7dce8ad1a560237
@@.gif,AVAILABILITY,origin.list,origin.list,2022-04-01 05:54:33.855335,d65df380d7dce8ad1a560237
||yourhealthnoone.com/wt213ad/$subdocument,AVAILABILITY,origin.list,origin.list,2022-04-01 05:54:34.950683,d65df380d7dce8ad1a560237
||yourjavascript.com/0653544211/lompatin.js,AVAILABILITY,origin.list,origin.list,2022-04-01 05:54:38.278960,d65df380d7dce8ad1a560237
@@.png,AVAILABILITY,origin.list,origin.list,2022-04-01 05:54:38.798096,d65df380d7dce8ad1a560237
"@@/js/ads.js$script,domain=adlink.pw|adsafelink.net|akuno.net|blogrp.me|ceklink.co|idsly.net|kabarviral.blog|lewat.club|modecepat.com|safe.mirrordown.com|templink.org|virtualdata.me",AVAILABILITY,origin.list,origin.list,2022-04-01 05:54:46.891792,d65df380d7dce8ad1a560237
@@.jpg,AVAILABILITY,origin.list,origin.list,2022-04-01 05:54:47.816134,d65df380d7dce8ad1a560237
@@/fuckadblock.js$domain=baritopost.co.id|listingberita.com|suaranasional.com,AVAILABILITY,origin.list,origin.list,2022-04-01 05:54:49.787121,d65df380d7dce8ad1a560237
@@logo*.png,AVAILABILITY,origin.list,origin.list,2022-04-01 05:54:50.866366,d65df380d7dce8ad1a560237
"@@/advertisement.$script,domain=kumpulmanga.org|mangalist.org|rukim.id|samehadaku.tv|teknologilink.com|wizardsubs.com",AVAILABILITY,origin.list,origin.list,2022-04-01 05:54:51.575524,d65df380d7dce8ad1a560237
"@@/advertisement-$script,domain=duosia.id",AVAILABILITY,origin.list,origin.list,2022-04-01 05:54:59.082602,d65df380d7dce8ad1a560237
"@@||4dbl0ck.info/popunder.js$script,domain=oload.tv",AVAILABILITY,origin.list,origin.list,2022-04-01 05:55:00.409656,d65df380d7dce8ad1a560237
@@||1idsly.com^$generichide,AVAILABILITY,origin.list,origin.list,2022-04-01 05:55:01.625150,d65df380d7dce8ad1a560237
@@||ad4msan.com^$generichide,AVAILABILITY,origin.list,origin.list,2022-04-01 05:55:01.677812,d65df380d7dce8ad1a560237
"@@||.bloggerku.com/safelink/2.0/script.js?$script,domain=animanganews.com",AVAILABILITY,origin.list,origin.list,2022-04-01 05:55:02.198322,d65df380d7dce8ad1a560237
@@||ainodorama.web.id^$generichide,AVAILABILITY,origin.list,origin.list,2022-04-01 05:55:10.294893,d65df380d7dce8ad1a560237
@@||adturl.com^$generichide,AVAILABILITY,origin.list,origin.list,2022-04-01 05:55:11.540936,d65df380d7dce8ad1a560237
"@@||adsafelink.net/webroot/js/ads.js$script,~third-party",AVAILABILITY,origin.list,origin.list,2022-04-01 05:55:12.449361,d65df380d7dce8ad1a560237
@@||ads.id^$~third-party,AVAILABILITY,origin.list,origin.list,2022-04-01 05:55:14.247099,d65df380d7dce8ad1a560237
@@||advertising-indonesia.id^$~third-party,AVAILABILITY,origin.list,origin.list,2022-04-01 05:55:14.779099,d65df380d7dce8ad1a560237
@@||akuno.net^$generichide,AVAILABILITY,origin.list,origin.list,2022-04-01 05:55:19.442785,d65df380d7dce8ad1a560237
@@||anibatch.me^$generichide,AVAILABILITY,origin.list,origin.list,2022-04-01 05:55:20.236583,d65df380d7dce8ad1a560237
"@@||ads.kaskus.co.id/widget/ads/create$subdocument,domain=kaskus.co.id",AVAILABILITY,origin.list,origin.list,2022-04-01 05:55:24.536732,d65df380d7dce8ad1a560237
@@||animenonton.tv^$generichide,AVAILABILITY,origin.list,origin.list,2022-04-01 05:55:26.683626,d65df380d7dce8ad1a560237
@@||batch.id/wp-content/plugins/lw-adblocker/assets/js/fuckadblock.min.js,AVAILABILITY,origin.list,origin.list,2022-04-01 05:55:28.753059,d65df380d7dce8ad1a560237
@@||anoboy.best^$generichide,AVAILABILITY,origin.list,origin.list,2022-04-01 05:55:28.815791,d65df380d7dce8ad1a560237
@@||asiancine.com^$generichide,AVAILABILITY,origin.list,origin.list,2022-04-01 05:55:31.355238,d65df380d7dce8ad1a560237
@@||batch.id^$generichide,AVAILABILITY,origin.list,origin.list,2022-04-01 05:55:32.277329,d65df380d7dce8ad1a560237
@@||bagilagi.com^$generichide,AVAILABILITY,origin.list,origin.list,2022-04-01 05:55:33.513716,d65df380d7dce8ad1a560237
@@||autoride.pw^$generichide,AVAILABILITY,origin.list,origin.list,2022-04-01 05:55:37.503758,d65df380d7dce8ad1a560237
@@||biargreget.top^$generichide,AVAILABILITY,origin.list,origin.list,2022-04-01 05:55:39.504544,d65df380d7dce8ad1a560237
@@||apkmod.id^$generichide,AVAILABILITY,origin.list,origin.list,2022-04-01 05:55:43.115915,d65df380d7dce8ad1a560237
"@@||blogrp.me/webroot/js/ads.js$script,~third-party",AVAILABILITY,origin.list,origin.list,2022-04-01 05:55:44.163433,d65df380d7dce8ad1a560237
@@||cinema-mkv.com^$generichide,AVAILABILITY,origin.list,origin.list,2022-04-01 05:55:46.461531,d65df380d7dce8ad1a560237
@@||cinemamkv.net^$generichide,AVAILABILITY,origin.list,origin.list,2022-04-01 05:55:48.108234,d65df380d7dce8ad1a560237
@@||directedlink.net^$generichide,AVAILABILITY,origin.list,origin.list,2022-04-01 05:55:50.082700,d65df380d7dce8ad1a560237
@@||dramaencode.com^$generichide,AVAILABILITY,origin.list,origin.list,2022-04-01 05:55:50.473828,d65df380d7dce8ad1a560237
@@||digitalponsel.com^$elemhide,AVAILABILITY,origin.list,origin.list,2022-04-01 05:55:56.281907,d65df380d7dce8ad1a560237
@@||dukun-cit.com^$generichide,AVAILABILITY,origin.list,origin.list,2022-04-01 05:55:57.145329,d65df380d7dce8ad1a560237
@@||game-kentang.blogspot.com^$generichide,AVAILABILITY,origin.list,origin.list,2022-04-01 05:55:58.219070,d65df380d7dce8ad1a560237
@@||hightech.web.id^$generichide,AVAILABILITY,origin.list,origin.list,2022-04-01 05:55:58.361591,d65df380d7dce8ad1a560237
@@||eirudo.com^$generichide,AVAILABILITY,origin.list,origin.list,2022-04-01 05:56:01.685677,d65df380d7dce8ad1a560237
@@||gadget2reviews.com^$generichide,AVAILABILITY,origin.list,origin.list,2022-04-01 05:56:03.499226,d65df380d7dce8ad1a560237
"@@||idsly.com/webroot/js/ads.js$script,~third-party",AVAILABILITY,origin.list,origin.list,2022-04-01 05:56:05.713031,d65df380d7dce8ad1a560237
@@||illyasave.com^$generichide,AVAILABILITY,origin.list,origin.list,2022-04-01 05:56:07.614896,d65df380d7dce8ad1a560237
@@||idsly.com^$generichide,AVAILABILITY,origin.list,origin.list,2022-04-01 05:56:11.259983,d65df380d7dce8ad1a560237
@@||indozone.me^$generichide,AVAILABILITY,origin.list,origin.list,2022-04-01 05:56:11.936039,d65df380d7dce8ad1a560237
@@||indexmovie.download^$generichide,AVAILABILITY,origin.list,origin.list,2022-04-01 05:56:12.855288,d65df380d7dce8ad1a560237
@@||inwepo.co^$generichide,AVAILABILITY,origin.list,origin.list,2022-04-01 05:56:15.386304,d65df380d7dce8ad1a560237
@@||infotekno.net^$generichide,AVAILABILITY,origin.list,origin.list,2022-04-01 05:56:15.663991,d65df380d7dce8ad1a560237
"@@||kertashitam.com/js/advertisement.js$script,domain=kertashitam.com",AVAILABILITY,origin.list,origin.list,2022-04-01 05:56:20.567976,d65df380d7dce8ad1a560237
"@@||kabarviral.blog/js/ads.js$script,~third-party",AVAILABILITY,origin.list,origin.list,2022-04-01 05:56:21.580589,d65df380d7dce8ad1a560237
@@||kaze-batch.blogspot.com^$generichide,AVAILABILITY,origin.list,origin.list,2022-04-01 05:56:22.360188,d65df380d7dce8ad1a560237
"@@||google-analytics.com/analytics.js$script,domain=pricebook.co.id",AVAILABILITY,origin.list,origin.list,2022-04-01 05:56:25.392403,d65df380d7dce8ad1a560237
@@||klikshowtime.com^$generichide,AVAILABILITY,origin.list,origin.list,2022-04-01 05:56:27.968696,d65df380d7dce8ad1a560237
"@@||leantoro.com/wp-content/plugins/newkarma-core/js/fuckadblock.js$script,~third-party",AVAILABILITY,origin.list,origin.list,2022-04-01 05:56:29.524839,d65df380d7dce8ad1a560237
@@||komikindo.web.id^$generichide,AVAILABILITY,origin.list,origin.list,2022-04-01 05:56:29.766984,d65df380d7dce8ad1a560237
@@||komikcast.com^$generichide,AVAILABILITY,origin.list,origin.list,2022-04-01 05:56:32.132654,d65df380d7dce8ad1a560237
@@||komikstation.com^$generichide,AVAILABILITY,origin.list,origin.list,2022-04-01 05:56:35.058379,d65df380d7dce8ad1a560237
"@@||lewat.club/js/ads.js$script,~third-party",AVAILABILITY,origin.list,origin.list,2022-04-01 05:56:35.566796,d65df380d7dce8ad1a560237
@@||ljutkeunvpn.blogspot.com^$generichide,AVAILABILITY,origin.list,origin.list,2022-04-01 05:56:39.478036,d65df380d7dce8ad1a560237
@@||mangacanblog.com^$generichide,AVAILABILITY,origin.list,origin.list,2022-04-01 05:56:40.671964,d65df380d7dce8ad1a560237
@@||majalahikan.com^$generichide,AVAILABILITY,origin.list,origin.list,2022-04-01 05:56:41.883522,d65df380d7dce8ad1a560237
"@@||modecepat.com/js/ads.js$script,~third-party",AVAILABILITY,origin.list,origin.list,2022-04-01 05:56:44.750545,d65df380d7dce8ad1a560237
@@||nama.web.id^$generichide,AVAILABILITY,origin.list,origin.list,2022-04-01 05:56:45.304823,d65df380d7dce8ad1a560237
"@@||nekopoi.care/wp-content/themes/ThemeNekopoi/js/adsbygoogle.js$script,~third-party",AVAILABILITY,origin.list,origin.list,2022-04-01 05:56:45.829931,d65df380d7dce8ad1a560237
@@||mivo.com^$generichide,AVAILABILITY,origin.list,origin.list,2022-04-01 05:56:45.830860,d65df380d7dce8ad1a560237
@@||nanonime.com^$generichide,AVAILABILITY,origin.list,origin.list,2022-04-01 05:56:48.569360,d65df380d7dce8ad1a560237
@@||nekonime.tv^$generichide,AVAILABILITY,origin.list,origin.list,2022-04-01 05:56:48.818117,d65df380d7dce8ad1a560237
"@@||ngantukberat.me/wp-content/plugins/wp-safelink-v3/assets/fuckadblock.js$script,~third-party",AVAILABILITY,origin.list,origin.list,2022-04-01 05:56:52.545778,d65df380d7dce8ad1a560237
@@||njiir.com^$generichide,AVAILABILITY,origin.list,origin.list,2022-04-01 05:56:54.773504,d65df380d7dce8ad1a560237
"@@||nekopoi.cash/wp-content/themes/ThemeNekopoi/js/adsbygoogle.js$script,~third-party",AVAILABILITY,origin.list,origin.list,2022-04-01 05:56:55.082396,d65df380d7dce8ad1a560237
@@||ngantukberat.me^$generichide,AVAILABILITY,origin.list,origin.list,2022-04-01 05:56:58.090961,d65df380d7dce8ad1a560237
"@@||nekopoi.lol/wp-content/themes/ThemeNekopoi/js/adsbygoogle.js$script,~third-party",AVAILABILITY,origin.list,origin.list,2022-04-01 05:56:58.680844,d65df380d7dce8ad1a560237
@@||novelgo.id^$generichide,AVAILABILITY,origin.list,origin.list,2022-04-01 05:57:01.568920,d65df380d7dce8ad1a560237
@@||omahkpop.com^$generichide,AVAILABILITY,origin.list,origin.list,2022-04-01 05:57:04.541310,d65df380d7dce8ad1a560237
@@||oploverz.in^$generichide,AVAILABILITY,origin.list,origin.list,2022-04-01 05:57:04.997424,d65df380d7dce8ad1a560237
@@||otakuindo.net^$generichide,AVAILABILITY,origin.list,origin.list,2022-04-01 05:57:07.596391,d65df380d7dce8ad1a560237
"@@||pagead2.googlesyndication.com/pagead/js/adsbygoogle.js$script,domain=ad4msan.win|aksensei.com|animenyus.com|animexin.jin-7.com|belajarbro.id|datasekolah.co.id|dukun-cit.com|gembelcit.net|illyasave.com|indozone.me|infolokerserang.com|lewat.club|modecepat.com|nekopoi.web.id|pugam.com|sedot.link|www.download.web.id",AVAILABILITY,origin.list,origin.list,2022-04-01 05:57:07.638419,d65df380d7dce8ad1a560237
@@||radarlombok.co.id^$generichide,AVAILABILITY,origin.list,origin.list,2022-04-01 05:57:12.175162,d65df380d7dce8ad1a560237
"@@||rawcdn.githack.com/KecoaTerbank/safelink/$script,domain=eleventhlevelinteractive.com",AVAILABILITY,origin.list,origin.list,2022-04-01 05:57:12.773587,d65df380d7dce8ad1a560237
"@@||pubads.g.doubleclick.net/gampad/ads?$xmlhttprequest,domain=kompas.com",AVAILABILITY,origin.list,origin.list,2022-04-01 05:57:14.270105,d65df380d7dce8ad1a560237
@@||razorlink.us^$generichide,AVAILABILITY,origin.list,origin.list,2022-04-01 05:57:14.653661,d65df380d7dce8ad1a560237
@@||riauonline.co.id^$generichide,AVAILABILITY,origin.list,origin.list,2022-04-01 05:57:16.320815,d65df380d7dce8ad1a560237
@@||sanjayaops.com^$generichide,AVAILABILITY,origin.list,origin.list,2022-04-01 05:57:20.457198,d65df380d7dce8ad1a560237
@@||ryuukoi.web.id^$generichide,AVAILABILITY,origin.list,origin.list,2022-04-01 05:57:20.605121,d65df380d7dce8ad1a560237
"@@||safe.mirrordown.com/js/ads.js$script,~third-party",AVAILABILITY,origin.list,origin.list,2022-04-01 05:57:20.805312,d65df380d7dce8ad1a560237
@@||shirainime.com^$generichide,AVAILABILITY,origin.list,origin.list,2022-04-01 05:57:24.452184,d65df380d7dce8ad1a560237
@@||sdrama.com^$generichide,AVAILABILITY,origin.list,origin.list,2022-04-01 05:57:24.491032,d65df380d7dce8ad1a560237
@@||shirosafe.web.id^$generichide,AVAILABILITY,origin.list,origin.list,2022-04-01 05:57:29.690373,d65df380d7dce8ad1a560237
@@||updatetribun.^$generichide,AVAILABILITY,origin.list,origin.list,2022-04-01 05:57:31.027467,d65df380d7dce8ad1a560237
@@||suarankri.me^$generichide,AVAILABILITY,origin.list,origin.list,2022-04-01 05:57:31.800275,d65df380d7dce8ad1a560237
@@||tokusatsuindo.com^$generichide,AVAILABILITY,origin.list,origin.list,2022-04-01 05:57:34.483718,d65df380d7dce8ad1a560237
"@@||virtualdata.me/webroot/js/ads.js$script,~third-party",AVAILABILITY,origin.list,origin.list,2022-04-01 05:57:36.015322,d65df380d7dce8ad1a560237
"@@||unpkg.com/flickity@2.0.10/dist/flickity.pkgd.min.js$script,domain=animekita.net|mangaid.co|nontonanime.id",AVAILABILITY,origin.list,origin.list,2022-04-01 05:57:39.645732,d65df380d7dce8ad1a560237
"@@||unpkg.com/flickity@2.0/dist/flickity.pkgd.min.js$script,domain=animekita.net|mangaid.co|nontonanime.id",AVAILABILITY,origin.list,origin.list,2022-04-01 05:57:41.613176,d65df380d7dce8ad1a560237
"@@||www.googletagmanager.com/gtm.js$script,domain=inet.detik.com",AVAILABILITY,origin.list,origin.list,2022-04-01 05:57:43.310030,d65df380d7dce8ad1a560237
"aktual.id,datasekolah.co.id",AVAILABILITY,origin.list,origin.list,2022-04-01 05:57:46.829886,d65df380d7dce8ad1a560237
@@||zaqe.xyz^$generichide,AVAILABILITY,origin.list,origin.list,2022-04-01 05:57:47.730338,d65df380d7dce8ad1a560237
"budiarto.id,cinemaindo.web.id,filmapik.tv",AVAILABILITY,origin.list,origin.list,2022-04-01 05:57:49.687710,d65df380d7dce8ad1a560237
"harianjogja.com,solopos.com",AVAILABILITY,origin.list,origin.list,2022-04-01 05:57:51.569654,d65df380d7dce8ad1a560237
"gurusd.web.id,kurikulum.co.id",AVAILABILITY,origin.list,origin.list,2022-04-01 05:57:52.974838,d65df380d7dce8ad1a560237
"ekonomi.inilah.com,teknologi.inilah.com",AVAILABILITY,origin.list,origin.list,2022-04-01 05:57:56.656616,d65df380d7dce8ad1a560237
"idxxx1.com,indoxx1.co,sidrama.com,sukamovie.club",AVAILABILITY,origin.list,origin.list,2022-04-01 05:57:57.955685,d65df380d7dce8ad1a560237
"inilah.com,kompasiana.com",AVAILABILITY,origin.list,origin.list,2022-04-01 05:57:59.160411,d65df380d7dce8ad1a560237
bioskopmovie.tv,AVAILABILITY,origin.list,origin.list,2022-04-01 05:57:59.338064,d65df380d7dce8ad1a560237
"detik.com,pikiran-rakyat.com",AVAILABILITY,origin.list,origin.list,2022-04-01 05:57:59.980353,d65df380d7dce8ad1a560237
"jogja.tribunnews.com,wartakota.tribunnews.com",AVAILABILITY,origin.list,origin.list,2022-04-01 05:58:03.838599,d65df380d7dce8ad1a560237
"cmovieshd.se,ganool.se",AVAILABILITY,origin.list,origin.list,2022-04-01 05:58:06.379080,d65df380d7dce8ad1a560237
"blog.tribunjualbeli.com,tribunnews.com",AVAILABILITY,origin.list,origin.list,2022-04-01 05:58:07.560798,d65df380d7dce8ad1a560237
"idfl.me,r-l.me,teknoup.com",AVAILABILITY,origin.list,origin.list,2022-04-01 05:58:10.046974,d65df380d7dce8ad1a560237
"idfl.me,r-l.me",AVAILABILITY,origin.list,origin.list,2022-04-01 05:58:10.703768,d65df380d7dce8ad1a560237
"cinema-indo.com,cinemaindo.web.id,filmbagus21.info,filmbagus21.web.id,ganool.li,layarkaca21.com,layarkaca21.net,layarkaca21.tv,layarkaca21.web.id,lk21.org,lk21.tv,nonton21.net,nontonmovie.web.id",AVAILABILITY,origin.list,origin.list,2022-04-01 05:58:12.345337,d65df380d7dce8ad1a560237
"fb21.tv,nonton21.tv,nontonserial.com",AVAILABILITY,origin.list,origin.list,2022-04-01 05:58:14.764042,d65df380d7dce8ad1a560237
"cinema-indo.web.id,dunia21tv.com,layarcinema.tv,lk21tv.com",AVAILABILITY,origin.list,origin.list,2022-04-01 05:58:16.076133,d65df380d7dce8ad1a560237
"cinema-indo.com,layarkaca21.net,layarkaca21.tv,layarkaca21.web.id,lk21.me,lk21.org,lk21.tv,nonton21.net,nontonmovie.web.id",AVAILABILITY,origin.list,origin.list,2022-04-01 05:58:16.568967,d65df380d7dce8ad1a560237
"bioskop212.net,cinemastar21.com,nontonfilm21.club,sinema21.id",AVAILABILITY,origin.list,origin.list,2022-04-01 05:58:16.610725,d65df380d7dce8ad1a560237
moviebaru21.com,AVAILABILITY,origin.list,origin.list,2022-04-01 05:58:20.323541,d65df380d7dce8ad1a560237
"149.28.158.117,animexin.xyz,awsubs.co",AVAILABILITY,origin.list,origin.list,2022-04-01 05:58:23.534047,d65df380d7dce8ad1a560237
"lk21.pw,lk21.web.id,lk21tv.com,sinemaindo.web.id",AVAILABILITY,origin.list,origin.list,2022-04-01 05:58:26.116006,d65df380d7dce8ad1a560237
"bioskop007.club,bioskop1080.com,bioskop212.net,bioskop55.club,bioskop55.me,bioskop90.com,bioskop90.me,cinema007.com,cinemastar21.com,nontononline99.com",AVAILABILITY,origin.list,origin.list,2022-04-01 05:58:26.520190,d65df380d7dce8ad1a560237
"bioskop78.com,movie76.net",AVAILABILITY,origin.list,origin.list,2022-04-01 05:58:26.910137,d65df380d7dce8ad1a560237
"bioskop55.me,bioskopgalaxy21.com,bioskopstar88.com,cinemaqq.com,juraganmovie.net,juragantomatx.com,movie76.net,nontonlk21.live",AVAILABILITY,origin.list,origin.list,2022-04-01 05:58:29.686338,d65df380d7dce8ad1a560237
"bioskop78.com,bioskop99.me,bioskop99.mobi,nonton33.com,nonton33.tv",AVAILABILITY,origin.list,origin.list,2022-04-01 05:58:32.724503,d65df380d7dce8ad1a560237
"cinemaindo.web.id,sinemaindo.web.id",AVAILABILITY,origin.list,origin.list,2022-04-01 05:58:32.976130,d65df380d7dce8ad1a560237
"cinema-indo.com,nonton21.net,nontonmovie.web.id",AVAILABILITY,origin.list,origin.list,2022-04-01 05:58:34.386857,d65df380d7dce8ad1a560237
"indoxxi.top,indoxxi.tv",AVAILABILITY,origin.list,origin.list,2022-04-01 05:58:36.037094,d65df380d7dce8ad1a560237
"cinemaindo.web.id,layarkaca21.com,layarkaca21.net,layarkaca21.web.id,lk21.org",AVAILABILITY,origin.list,origin.list,2022-04-01 05:58:37.558281,d65df380d7dce8ad1a560237
"dewabioskop21.org,dwa21.org",AVAILABILITY,origin.list,origin.list,2022-04-01 05:58:39.838342,d65df380d7dce8ad1a560237
"b201.info,bioskop201.biz",AVAILABILITY,origin.list,origin.list,2022-04-01 05:58:40.825984,d65df380d7dce8ad1a560237
"dunia21.cx,ganool.watch,lk21tv.com,movies21.co",AVAILABILITY,origin.list,origin.list,2022-04-01 05:58:41.472688,d65df380d7dce8ad1a560237
"fastdrama.co,hkfree.co",AVAILABILITY,origin.list,origin.list,2022-04-01 05:58:41.547389,d65df380d7dce8ad1a560237
"idxx1.top,indoxx1.com",AVAILABILITY,origin.list,origin.list,2022-04-01 05:58:46.838091,d65df380d7dce8ad1a560237
"cafecinema.cc,dramamu.net,lk21.io",AVAILABILITY,origin.list,origin.list,2022-04-01 05:58:47.333689,d65df380d7dce8ad1a560237
"dunia21.me,dunia21.net,dunia21.org,dunia21.wtf",AVAILABILITY,origin.list,origin.list,2022-04-01 05:58:48.252716,d65df380d7dce8ad1a560237
"lk21.li,nonton21.tv",AVAILABILITY,origin.list,origin.list,2022-04-01 05:58:50.911586,d65df380d7dce8ad1a560237
"cinema-indo.com,cinemaindo.web.id,layarkaca21.net,layarkaca21.web.id,lk21.org,nonton21.net,nontonmovie.web.id",AVAILABILITY,origin.list,origin.list,2022-04-01 05:58:52.359531,d65df380d7dce8ad1a560237
"dunia21s.fun,fb21.tv,lk21.li,nonton21.tv",AVAILABILITY,origin.list,origin.list,2022-04-01 05:58:57.327264,d65df380d7dce8ad1a560237
"dunia21s.fun,fb21.tv,lk21.li,nonton21.tv,nontonserial.com",AVAILABILITY,origin.list,origin.list,2022-04-01 05:58:58.314886,d65df380d7dce8ad1a560237
"ayononton.co,dunia21.cx,layarkaca21.com,layarkaca21.web.id,lk21tv.com,terbit21.cool",AVAILABILITY,origin.list,origin.list,2022-04-01 05:58:58.390939,d65df380d7dce8ad1a560237
youtube-mp3.my,AVAILABILITY,origin.list,origin.list,2022-04-01 05:58:59.763154,d65df380d7dce8ad1a560237
"drakorindo.fun,kazemanga.xyz",AVAILABILITY,origin.list,origin.list,2022-04-01 05:59:00.609731,d65df380d7dce8ad1a560237
"22cinema.download,bioskop201.biz,bioskopgalaxy21.com,bioskopmovie.tv,cinemaindo.com,cinemaindo.stream,cinemaindo.tv,downloadfilmbaru.com,film-ganool.co,film-ganool.com,filmbaru.in,ganool.nl,ganool.ph,komiku.net,movie76.net,nontonmovie.web.id",AVAILABILITY,origin.list,origin.list,2022-04-01 05:59:04.262876,d65df380d7dce8ad1a560237
22cinema.download,AVAILABILITY,origin.list,origin.list,2022-04-01 05:59:05.135967,d65df380d7dce8ad1a560237
"22cinema.download,animexin.xyz,bioskop201.biz,bioskop21.co,bioskopgalaxy21.com,cinemaindo.stream,cinemaindo.tv,downloadfilmbaru.com,filmbaru.in,ganool.nl,ganool.ph,kikil.net,komiku.net,layarbiru21.com,movie76.net,nontonmovie.web.id",AVAILABILITY,origin.list,origin.list,2022-04-01 05:59:05.340667,d65df380d7dce8ad1a560237
"dunia21.top,lk21.cc",AVAILABILITY,origin.list,origin.list,2022-04-01 05:59:07.249428,d65df380d7dce8ad1a560237
"bioskop78.com,bioskopgalaxy21.com,juraganmovie.net,juragantomatx.com,movie76.net",AVAILABILITY,origin.list,origin.list,2022-04-01 05:59:10.990130,d65df380d7dce8ad1a560237
"indoxxi.tv,xx1.tv",AVAILABILITY,origin.list,origin.list,2022-04-01 05:59:11.589351,d65df380d7dce8ad1a560237
"kapanlagi.com,otosia.com",AVAILABILITY,origin.list,origin.list,2022-04-01 05:59:12.421519,d65df380d7dce8ad1a560237
"bioskopkerenin.com,dunia21.cx,ganool.watch,ganool21.watch,kebioskop21.com,kebioskop21.online,lk21.web.id,lk21tv.com,movies21.co,sinemaindo.web.id",AVAILABILITY,origin.list,origin.list,2022-04-01 05:59:14.292867,d65df380d7dce8ad1a560237
clip.cewecewe.com,AVAILABILITY,origin.list,origin.list,2022-04-01 05:59:15.043043,d65df380d7dce8ad1a560237
"apkmod.id,hightech.web.id,nama.web.id,novelgo.id,paraedu.id,radarlombok.co.id",AVAILABILITY,origin.list,origin.list,2022-04-01 05:59:16.844138,d65df380d7dce8ad1a560237
"senimovie.info,senimovies.net",AVAILABILITY,origin.list,origin.list,2022-04-01 05:59:18.968826,d65df380d7dce8ad1a560237
"cinemaindo.com,cinemaindo.stream",AVAILABILITY,origin.list,origin.list,2022-04-01 05:59:21.640563,d65df380d7dce8ad1a560237
"animebatchs.com,goblintvfree.com,juragan-anime.net,nanime.in",AVAILABILITY,origin.list,origin.list,2022-04-01 05:59:22.826698,d65df380d7dce8ad1a560237
"dramacool.io,dramanice.io,k-vid.com",AVAILABILITY,origin.list,origin.list,2022-04-01 05:59:22.967543,d65df380d7dce8ad1a560237
"mangaku.in,mangaku.web.id",AVAILABILITY,origin.list,origin.list,2022-04-01 05:59:24.594108,d65df380d7dce8ad1a560237
"139.99.120.222,158.69.54.218,nonton21.tv,nontonserial.com,ns21.me",AVAILABILITY,origin.list,origin.list,2022-04-01 05:59:30.185809,d65df380d7dce8ad1a560237
indonesiasatu.kompas.com,AVAILABILITY,origin.list,origin.list,2022-04-01 05:59:31.224859,d65df380d7dce8ad1a560237
"dewanonton.vip,dwanonton.com",AVAILABILITY,origin.list,origin.list,2022-04-01 05:59:31.247815,d65df380d7dce8ad1a560237
"dewabioskop21.asia,dewabioskop21.org",AVAILABILITY,origin.list,origin.list,2022-04-01 05:59:32.466123,d65df380d7dce8ad1a560237
"lapar.com,loveindonesia.com",AVAILABILITY,origin.list,origin.list,2022-04-01 05:59:36.003834,d65df380d7dce8ad1a560237
"didrakorindo.com,indoxx1.pw,indoxxi.pictures,sukanonton.online",AVAILABILITY,origin.list,origin.list,2022-04-01 05:59:38.582165,d65df380d7dce8ad1a560237
"103.194.171.75,idtube.me",AVAILABILITY,origin.list,origin.list,2022-04-01 05:59:40.601269,d65df380d7dce8ad1a560237
"nontonmovie.web.id,videocrot.org",AVAILABILITY,origin.list,origin.list,2022-04-01 05:59:41.922922,d65df380d7dce8ad1a560237
"anime17.net,cosmogirl.co.id",AVAILABILITY,origin.list,origin.list,2022-04-01 05:59:43.933999,d65df380d7dce8ad1a560237
"neonime.com,neonime.vip",AVAILABILITY,origin.list,origin.list,2022-04-01 05:59:45.102769,d65df380d7dce8ad1a560237
128.199.102.111,AVAILABILITY,origin.list,origin.list,2022-04-01 05:59:44.660445,d65df380d7dce8ad1a560237
bioskop201.biz,AVAILABILITY,origin.list,origin.list,2022-04-01 05:59:45.937851,d65df380d7dce8ad1a560237
"ganool.is,ganool.ph,ganool.se,ganool.st",AVAILABILITY,origin.list,origin.list,2022-04-01 05:59:48.491995,d65df380d7dce8ad1a560237
"greget.space,siherp.com,tetew.info",AVAILABILITY,origin.list,origin.list,2022-04-01 05:59:48.605111,d65df380d7dce8ad1a560237
"layarkaca21.tv,lk21.tv",AVAILABILITY,origin.list,origin.list,2022-04-01 05:59:50.131326,d65df380d7dce8ad1a560237
"didrakorindo.com,indoxxi.pictures,nontonfilm25.co,pintubioskop.com,sukanonton.online",AVAILABILITY,origin.list,origin.list,2022-04-01 05:59:51.359945,d65df380d7dce8ad1a560237
teknologi.inilah.com,AVAILABILITY,origin.list,origin.list,2022-04-01 05:59:51.595400,d65df380d7dce8ad1a560237
"bioskop168.co,semi168.club",AVAILABILITY,origin.list,origin.list,2022-04-01 05:59:58.001381,d65df380d7dce8ad1a560237
"drakorasia.net,ryuukoi.web.id",AVAILABILITY,origin.list,origin.list,2022-04-01 05:59:58.565642,d65df380d7dce8ad1a560237
"ganoollk21.info,juraganfilm.com",AVAILABILITY,origin.list,origin.list,2022-04-01 06:00:00.733788,d65df380d7dce8ad1a560237
"animeindo.video,animeindo.web.id",AVAILABILITY,origin.list,origin.list,2022-04-01 06:00:02.793859,d65df380d7dce8ad1a560237
"103.194.171.75,dutafilm.us",AVAILABILITY,origin.list,origin.list,2022-04-01 06:00:04.188652,d65df380d7dce8ad1a560237
"cinemaindo.web.id,filmbagus21.info",AVAILABILITY,origin.list,origin.list,2022-04-01 06:00:07.235223,d65df380d7dce8ad1a560237
"indoxx1.art,indoxxi.bz",AVAILABILITY,origin.list,origin.list,2022-04-01 06:00:11.698438,d65df380d7dce8ad1a560237
"apk.miuiku.com,lewat.club",AVAILABILITY,origin.list,origin.list,2022-04-01 06:00:14.664092,d65df380d7dce8ad1a560237
"bioskop90.com,nontonganool.net,sejutafilm.com",AVAILABILITY,origin.list,origin.list,2022-04-01 06:00:16.895805,d65df380d7dce8ad1a560237
"ns21.tv,ns21.us",AVAILABILITY,origin.list,origin.list,2022-04-01 06:00:17.863165,d65df380d7dce8ad1a560237
"nontondramaonline.co,nontondramaonline.net",AVAILABILITY,origin.list,origin.list,2022-04-01 06:00:18.214451,d65df380d7dce8ad1a560237
"mediapermata.com.bn,terkini.id",AVAILABILITY,origin.list,origin.list,2022-04-01 06:00:18.370005,d65df380d7dce8ad1a560237
"bioskoptigalima.com,icinema3satu.net",AVAILABILITY,origin.list,origin.list,2022-04-01 06:00:27.769941,d65df380d7dce8ad1a560237
"bioskopgalaxy21.com,indostreamings.xyz,semi168.xyz,tvkabel.net",AVAILABILITY,origin.list,origin.list,2022-04-01 06:00:28.482228,d65df380d7dce8ad1a560237
dl.ocanoke.com,AVAILABILITY,origin.list,origin.list,2022-04-01 06:00:29.223489,d65df380d7dce8ad1a560237
bioskop007.club,AVAILABILITY,origin.list,origin.list,2022-04-01 06:00:30.536456,d65df380d7dce8ad1a560237
"dewabioskop21.org,idxxx1.com,lapar.com,nontonitu.com",AVAILABILITY,origin.list,origin.list,2022-04-01 06:00:30.634831,d65df380d7dce8ad1a560237
sukamovie.club,AVAILABILITY,origin.list,origin.list,2022-04-01 06:00:38.090735,d65df380d7dce8ad1a560237
kazefuri.blogspot.com,AVAILABILITY,origin.list,origin.list,2022-04-01 06:00:39.611785,d65df380d7dce8ad1a560237
filmterbaru.id,AVAILABILITY,origin.list,origin.list,2022-04-01 06:00:42.586420,d65df380d7dce8ad1a560237
"cinema-indo.web.id,dunia21tv.com,layarcinema.tv",AVAILABILITY,origin.list,origin.list,2022-04-01 06:00:42.651577,d65df380d7dce8ad1a560237
"bioskopxxi.net,sinemakaca.com",AVAILABILITY,origin.list,origin.list,2022-04-01 06:00:42.925619,d65df380d7dce8ad1a560237
"gigapurbalingga.net,kuyhaa-me.com",AVAILABILITY,origin.list,origin.list,2022-04-01 06:00:47.625521,d65df380d7dce8ad1a560237
"kabarviral.blog,lewat.club",AVAILABILITY,origin.list,origin.list,2022-04-01 06:00:51.261837,d65df380d7dce8ad1a560237
"lihat.co.id,oploverz.bz",AVAILABILITY,origin.list,origin.list,2022-04-01 06:00:51.922916,d65df380d7dce8ad1a560237
"idtube.me,idxx1.top",AVAILABILITY,origin.list,origin.list,2022-04-01 06:00:56.123179,d65df380d7dce8ad1a560237
"kompas.com,tribunnews.com",AVAILABILITY,origin.list,origin.list,2022-04-01 06:00:56.306916,d65df380d7dce8ad1a560237
-agenqq-$image,AVAILABILITY,origin.list,origin.list,2022-04-01 06:00:56.706353,d65df380d7dce8ad1a560237
-bandarkiu.$image,AVAILABILITY,origin.list,origin.list,2022-04-01 06:01:02.515535,d65df380d7dce8ad1a560237
-abgqq.$image,AVAILABILITY,origin.list,origin.list,2022-04-01 06:01:04.349703,d65df380d7dce8ad1a560237
-agungpoker.$image,AVAILABILITY,origin.list,origin.list,2022-04-01 06:01:04.432804,d65df380d7dce8ad1a560237
-bandarbetqq-$image,AVAILABILITY,origin.list,origin.list,2022-04-01 06:01:04.523207,d65df380d7dce8ad1a560237
-agenbet.$image,AVAILABILITY,origin.list,origin.list,2022-04-01 06:01:05.151847,d65df380d7dce8ad1a560237
-capsa365.$image,AVAILABILITY,origin.list,origin.list,2022-04-01 06:01:12.283386,d65df380d7dce8ad1a560237
-cantikqq-728.gif|$image,AVAILABILITY,origin.list,origin.list,2022-04-01 06:01:12.461136,d65df380d7dce8ad1a560237
-cantikqq-728-$image,AVAILABILITY,origin.list,origin.list,2022-04-01 06:01:15.031463,d65df380d7dce8ad1a560237
-bisabet.$image,AVAILABILITY,origin.list,origin.list,2022-04-01 06:01:16.231439,d65df380d7dce8ad1a560237
-bolaonline.$image,AVAILABILITY,origin.list,origin.list,2022-04-01 06:01:17.992553,d65df380d7dce8ad1a560237
-capsa365-$image,AVAILABILITY,origin.list,origin.list,2022-04-01 06:01:23.300659,d65df380d7dce8ad1a560237
-capsaqq-$image,AVAILABILITY,origin.list,origin.list,2022-04-01 06:01:24.889721,d65df380d7dce8ad1a560237
-agen-poker-$image,AVAILABILITY,origin.list,origin.list,2022-04-01 06:01:25.513984,d65df380d7dce8ad1a560237
-dewiqq.$image,AVAILABILITY,origin.list,origin.list,2022-04-01 06:01:28.900378,d65df380d7dce8ad1a560237
-agen-judi-$image,AVAILABILITY,origin.list,origin.list,2022-04-01 06:01:29.358072,d65df380d7dce8ad1a560237
-banner-togel-$image,AVAILABILITY,origin.list,origin.list,2022-04-01 06:01:33.273148,d65df380d7dce8ad1a560237
-divapoker-$image,AVAILABILITY,origin.list,origin.list,2022-04-01 06:01:34.813680,d65df380d7dce8ad1a560237
-elangcapsa-$image,AVAILABILITY,origin.list,origin.list,2022-04-01 06:01:37.896535,d65df380d7dce8ad1a560237
-divaqq.$image,AVAILABILITY,origin.list,origin.list,2022-04-01 06:01:39.938349,d65df380d7dce8ad1a560237
-domino168.$image,AVAILABILITY,origin.list,origin.list,2022-04-01 06:01:40.491223,d65df380d7dce8ad1a560237
-hanabet.$image,AVAILABILITY,origin.list,origin.list,2022-04-01 06:01:44.150238,d65df380d7dce8ad1a560237
-emasbet.$image,AVAILABILITY,origin.list,origin.list,2022-04-01 06:01:45.379805,d65df380d7dce8ad1a560237
-cariqq-$image,AVAILABILITY,origin.list,origin.list,2022-04-01 06:01:46.818776,d65df380d7dce8ad1a560237
-hoki365-$image,AVAILABILITY,origin.list,origin.list,2022-04-01 06:01:51.194716,d65df380d7dce8ad1a560237
-hitsbola-*.gif|$image,AVAILABILITY,origin.list,origin.list,2022-04-01 06:01:53.182564,d65df380d7dce8ad1a560237
-hoki365.$image,AVAILABILITY,origin.list,origin.list,2022-04-01 06:01:53.535201,d65df380d7dce8ad1a560237
-incarqq.$image,AVAILABILITY,origin.list,origin.list,2022-04-01 06:01:55.862445,d65df380d7dce8ad1a560237
-hokicapsa-$image,AVAILABILITY,origin.list,origin.list,2022-04-01 06:01:57.048032,d65df380d7dce8ad1a560237
-indomaxbet-$image,AVAILABILITY,origin.list,origin.list,2022-04-01 06:01:59.487263,d65df380d7dce8ad1a560237
-ezykasino.$image,AVAILABILITY,origin.list,origin.list,2022-04-01 06:02:05.748658,d65df380d7dce8ad1a560237
-dewatangkas-$image,AVAILABILITY,origin.list,origin.list,2022-04-01 06:02:05.826799,d65df380d7dce8ad1a560237
-itubandar-$image,AVAILABILITY,origin.list,origin.list,2022-04-01 06:02:09.728143,d65df380d7dce8ad1a560237
-freebet-bonus-$image,AVAILABILITY,origin.list,origin.list,2022-04-01 06:02:10.833986,d65df380d7dce8ad1a560237
-jakartaqq.$image,AVAILABILITY,origin.list,origin.list,2022-04-01 06:02:11.020988,d65df380d7dce8ad1a560237
-jakartaqq-$image,AVAILABILITY,origin.list,origin.list,2022-04-01 06:02:15.646531,d65df380d7dce8ad1a560237
-hokiqq-$image,AVAILABILITY,origin.list,origin.list,2022-04-01 06:02:17.275706,d65df380d7dce8ad1a560237
-jasaqq.$image,AVAILABILITY,origin.list,origin.list,2022-04-01 06:02:17.565924,d65df380d7dce8ad1a560237
-indopokerlink-$image,AVAILABILITY,origin.list,origin.list,2022-04-01 06:02:17.839717,d65df380d7dce8ad1a560237
-juaracapsa-$image,AVAILABILITY,origin.list,origin.list,2022-04-01 06:02:22.778132,d65df380d7dce8ad1a560237
-jasacash.gif|$image,AVAILABILITY,origin.list,origin.list,2022-04-01 06:02:23.159779,d65df380d7dce8ad1a560237
-juaraqq-$image,AVAILABILITY,origin.list,origin.list,2022-04-01 06:02:25.388082,d65df380d7dce8ad1a560237
-jasaqq-$image,AVAILABILITY,origin.list,origin.list,2022-04-01 06:02:26.594116,d65df380d7dce8ad1a560237
-juaraqq.$image,AVAILABILITY,origin.list,origin.list,2022-04-01 06:02:30.062742,d65df380d7dce8ad1a560237
-klik365-728-$image,AVAILABILITY,origin.list,origin.list,2022-04-01 06:02:33.758972,d65df380d7dce8ad1a560237
-joker123_$image,AVAILABILITY,origin.list,origin.list,2022-04-01 06:02:35.461087,d65df380d7dce8ad1a560237
-kartu66-728-$image,AVAILABILITY,origin.list,origin.list,2022-04-01 06:02:37.209064,d65df380d7dce8ad1a560237
-kartu66-728.gif|$image,AVAILABILITY,origin.list,origin.list,2022-04-01 06:02:38.156259,d65df380d7dce8ad1a560237
-klikqq-728-$image,AVAILABILITY,origin.list,origin.list,2022-04-01 06:02:41.268092,d65df380d7dce8ad1a560237
-jpslot88-$image,AVAILABILITY,origin.list,origin.list,2022-04-01 06:02:42.435664,d65df380d7dce8ad1a560237
-klikqq-728.gif|$image,AVAILABILITY,origin.list,origin.list,2022-04-01 06:02:46.520248,d65df380d7dce8ad1a560237
-klik66-728.gif|$image,AVAILABILITY,origin.list,origin.list,2022-04-01 06:02:47.089486,d65df380d7dce8ad1a560237
-klik66-728-$image,AVAILABILITY,origin.list,origin.list,2022-04-01 06:02:48.222081,d65df380d7dce8ad1a560237
-kartu-online.$image,AVAILABILITY,origin.list,origin.list,2022-04-01 06:02:52.645459,d65df380d7dce8ad1a560237
-liga99-728-$image,AVAILABILITY,origin.list,origin.list,2022-04-01 06:02:54.938587,d65df380d7dce8ad1a560237
-ligabola-728-$image,AVAILABILITY,origin.list,origin.list,2022-04-01 06:02:55.536170,d65df380d7dce8ad1a560237
-ligacapsa-$image,AVAILABILITY,origin.list,origin.list,2022-04-01 06:02:58.582600,d65df380d7dce8ad1a560237
-liga99-728.gif|$image,AVAILABILITY,origin.list,origin.list,2022-04-01 06:02:59.911168,d65df380d7dce8ad1a560237
-ligabola-728.gif|$image,AVAILABILITY,origin.list,origin.list,2022-04-01 06:03:00.597988,d65df380d7dce8ad1a560237
-ligapoker-$image,AVAILABILITY,origin.list,origin.list,2022-04-01 06:03:06.409658,d65df380d7dce8ad1a560237
-melatipoker-$image,AVAILABILITY,origin.list,origin.list,2022-04-01 06:03:06.428373,d65df380d7dce8ad1a560237
-lonteqq-$image,AVAILABILITY,origin.list,origin.list,2022-04-01 06:03:09.372634,d65df380d7dce8ad1a560237
-ligaqq.$image,AVAILABILITY,origin.list,origin.list,2022-04-01 06:03:10.945873,d65df380d7dce8ad1a560237
-ligapoker728.gif|$image,AVAILABILITY,origin.list,origin.list,2022-04-01 06:03:11.653245,d65df380d7dce8ad1a560237
-mutiarapoker.gif|$image,AVAILABILITY,origin.list,origin.list,2022-04-01 06:03:18.805217,d65df380d7dce8ad1a560237
-lexabet.$image,AVAILABILITY,origin.list,origin.list,2022-04-01 06:03:19.727989,d65df380d7dce8ad1a560237
-oppabetnew.$image,AVAILABILITY,origin.list,origin.list,2022-04-01 06:03:20.623725,d65df380d7dce8ad1a560237
-pokerindo-$image,AVAILABILITY,origin.list,origin.list,2022-04-01 06:03:22.661569,d65df380d7dce8ad1a560237
-priaqq-728-$image,AVAILABILITY,origin.list,origin.list,2022-04-01 06:03:23.173027,d65df380d7dce8ad1a560237
-priaqq-728.gif|$image,AVAILABILITY,origin.list,origin.list,2022-04-01 06:03:30.084098,d65df380d7dce8ad1a560237
-rajacapsa.$image,AVAILABILITY,origin.list,origin.list,2022-04-01 06:03:31.278386,d65df380d7dce8ad1a560237
-lotus2d1.$image,AVAILABILITY,origin.list,origin.list,2022-04-01 06:03:33.071682,d65df380d7dce8ad1a560237
-misiqq-$image,AVAILABILITY,origin.list,origin.list,2022-04-01 06:03:33.398591,d65df380d7dce8ad1a560237
-qqjoker-$image,AVAILABILITY,origin.list,origin.list,2022-04-01 06:03:36.302551,d65df380d7dce8ad1a560237
-rajakasino.$image,AVAILABILITY,origin.list,origin.list,2022-04-01 06:03:41.187691,d65df380d7dce8ad1a560237
-rivalqq.$image,AVAILABILITY,origin.list,origin.list,2022-04-01 06:03:42.610302,d65df380d7dce8ad1a560237
-murnibet-$image,AVAILABILITY,origin.list,origin.list,2022-04-01 06:03:43.346239,d65df380d7dce8ad1a560237
-qq-slot-$image,AVAILABILITY,origin.list,origin.list,2022-04-01 06:03:46.192140,d65df380d7dce8ad1a560237
